ID,UTC,day,month,hour,n1-CO,n1-NO2,n1-pm10,n1-pm25,n2-pm10,n2-pm25,Occupied
153,4/7/2025 9:00:00,7,4,9,61290.54,20000.0,8.2,2.9,5.6,3.5,Yes
154,4/7/2025 10:00:00,7,4,10,81524.45,20000.0,2.7,2.4,3.0,2.7,Yes
155,4/7/2025 11:00:00,7,4,11,76474.58,20000.0,2.5,2.3,3.4,2.6,No
156,4/7/2025 12:00:00,7,4,12,1500000.0,20000.0,1.9,1.8,2.3,1.9,No
157,4/7/2025 13:00:00,7,4,13,68551.55,20000.0,52.9,7.0,48.7,8.8,No
158,4/7/2025 14:00:00,7,4,14,64764.29,20000.0,29.3,5.8,20.9,4.9,No
159,4/7/2025 15:00:00,7,4,15,81113.52,20000.0,18.6,4.9,15.2,4.2,No
160,4/7/2025 16:00:00,7,4,16,118397.3,20000.0,14.4,4.0,10.5,3.7,No
161,4/7/2025 17:00:00,7,4,17,1500000.0,20000.0,9.1,3.4,8.4,3.5,No
162,4/7/2025 18:00:00,7,4,18,1500000.0,20000.0,5.8,2.9,6.3,3.0,No
163,4/7/2025 19:00:00,7,4,19,1500000.0,20000.0,6.1,2.8,6.1,2.6,No
164,4/7/2025 20:00:00,7,4,20,69729.79,20000.0,5.3,3.1,5.2,2.7,No
165,4/7/2025 21:00:00,7,4,21,1500000.0,20000.0,4.3,2.6,3.5,2.5,No
166,4/7/2025 22:00:00,7,4,22,1500000.0,20000.0,3.0,2.3,3.7,2.4,No
167,4/7/2025 23:00:00,7,4,23,62773.97,20000.0,4.8,2.5,3.8,2.2,No
168,4/8/2025 0:00:00,8,4,0,79595.58,20000.0,2.9,2.3,2.6,2.0,No
169,4/8/2025 1:00:00,8,4,1,72693.8,20000.0,3.6,2.2,3.0,2.0,No
170,4/8/2025 2:00:00,8,4,2,1500000.0,20000.0,2.5,2.2,2.5,2.1,No
171,4/8/2025 3:00:00,8,4,3,182613.19,20000.0,2.8,2.2,2.5,2.0,No
172,4/8/2025 4:00:00,8,4,4,116041.7,20000.0,2.2,2.0,1.9,1.7,No
173,4/8/2025 5:00:00,8,4,5,62027.21,20000.0,4.2,3.3,2.2,2.0,No
174,4/8/2025 6:00:00,8,4,6,189038.3,20000.0,8.2,4.7,7.0,5.7,No
175,4/8/2025 7:00:00,8,4,7,74141.34,20000.0,5.0,4.5,6.4,5.3,No
176,4/8/2025 8:00:00,8,4,8,1500000.0,20000.0,7.6,5.5,6.6,5.6,No
177,4/8/2025 9:00:00,8,4,9,238686.28,20000.0,5.2,4.2,5.2,4.1,No
178,4/8/2025 10:00:00,8,4,10,148689.86,20000.0,4.0,3.6,4.4,4.0,No
179,4/8/2025 11:00:00,8,4,11,90100.09,20000.0,7.0,5.2,6.3,5.7,No
180,4/8/2025 12:00:00,8,4,12,65312.54,20000.0,6.1,4.5,5.3,4.5,No
181,4/8/2025 13:00:00,8,4,13,1500000.0,20000.0,5.2,4.4,6.1,5.5,No
182,4/8/2025 14:00:00,8,4,14,63226.96,20000.0,20.8,5.3,16.5,6.5,No
183,4/8/2025 15:00:00,8,4,15,1500000.0,20000.0,11.1,4.0,10.2,5.8,No
184,4/8/2025 16:00:00,8,4,16,109666.66,20000.0,7.9,4.0,10.2,4.8,No
185,4/8/2025 17:00:00,8,4,17,1500000.0,20000.0,6.0,3.6,6.0,4.4,No
186,4/8/2025 18:00:00,8,4,18,548799.25,20000.0,5.5,3.4,5.5,3.7,No
187,4/8/2025 19:00:00,8,4,19,1500000.0,20000.0,4.5,3.1,4.7,3.6,No
188,4/8/2025 20:00:00,8,4,20,68136.5,20000.0,3.4,3.1,4.5,3.3,No
189,4/8/2025 21:00:00,8,4,21,80501.99,20000.0,3.6,3.2,3.8,3.4,No
190,4/8/2025 22:00:00,8,4,22,1500000.0,20000.0,3.4,3.1,3.7,3.3,No
191,4/8/2025 23:00:00,8,4,23,1500000.0,20000.0,3.3,3.0,3.7,3.3,No
192,4/9/2025 0:00:00,9,4,0,66828.13,20000.0,3.5,3.1,3.8,3.5,No
193,4/9/2025 1:00:00,9,4,1,60275.77,20000.0,3.1,2.8,3.2,2.9,No
194,4/9/2025 2:00:00,9,4,2,69306.24,20000.0,3.4,3.1,3.0,2.7,No
195,4/9/2025 3:00:00,9,4,3,86558.34,20000.0,2.9,2.7,3.0,2.7,No
196,4/9/2025 4:00:00,9,4,4,410914.31,20000.0,3.1,2.7,2.9,2.7,No
197,4/9/2025 5:00:00,9,4,5,1500000.0,20000.0,3.0,2.7,2.8,2.6,No
198,4/9/2025 6:00:00,9,4,6,177467.8,20000.0,7.3,6.6,7.3,6.5,No
199,4/9/2025 7:00:00,9,4,7,487233.34,20000.0,9.1,5.6,9.6,6.9,No
200,4/9/2025 8:00:00,9,4,8,91044.78,20000.0,6.3,4.7,7.5,5.3,No
201,4/9/2025 9:00:00,9,4,9,38159.41,20000.0,5.9,3.7,7.2,4.1,Yes
202,4/9/2025 10:00:00,9,4,10,318079.75,20000.0,2.9,2.3,3.0,2.7,Yes
224,4/10/2025 8:00:00,10,4,8,1500000.0,20000.0,9.7,8.0,11.1,9.0,No
225,4/10/2025 9:00:00,10,4,9,347753.69,20000.0,12.0,10.2,13.4,10.9,Yes
226,4/10/2025 10:00:00,10,4,10,65707.45,20000.0,6.0,3.8,8.5,5.2,Yes
227,4/10/2025 11:00:00,10,4,11,90335.05,20000.0,3.6,1.8,2.1,1.7,No
228,4/10/2025 12:00:00,10,4,12,394515.19,20000.0,2.8,1.4,1.7,1.4,No
229,4/10/2025 13:00:00,10,4,13,63000.0,20000.0,2.0,1.4,1.8,1.6,No
230,4/10/2025 14:00:00,10,4,14,1500000.0,20000.0,1.6,1.5,1.3,1.2,No
231,4/10/2025 15:00:00,10,4,15,1500000.0,20000.0,1.6,1.5,1.6,1.5,No
232,4/10/2025 16:00:00,10,4,16,1500000.0,20000.0,1.8,1.7,1.5,1.4,No
233,4/10/2025 17:00:00,10,4,17,72515.29,20000.0,1.7,1.6,1.6,1.5,No
234,4/10/2025 18:00:00,10,4,18,1500000.0,20000.0,2.1,2.0,2.0,1.8,No
235,4/10/2025 19:00:00,10,4,19,65470.17,20000.0,2.1,2.0,1.9,1.8,No
236,4/10/2025 20:00:00,10,4,20,1500000.0,20000.0,2.4,2.2,2.2,2.0,No
237,4/10/2025 21:00:00,10,4,21,79695.65,20000.0,2.7,2.5,2.3,2.1,No
238,4/10/2025 22:00:00,10,4,22,68969.61,20000.0,2.4,2.1,2.6,2.4,No
239,4/10/2025 23:00:00,10,4,23,88477.6,20000.0,1.8,1.7,2.3,2.1,No
240,4/11/2025 0:00:00,11,4,0,240737.91,20000.0,2.2,2.0,2.2,2.1,No
241,4/11/2025 1:00:00,11,4,1,1500000.0,20000.0,2.0,1.9,2.8,1.8,No
242,4/11/2025 2:00:00,11,4,2,63454.86,20000.0,2.0,1.8,1.8,1.7,No
243,4/11/2025 3:00:00,11,4,3,253131.08,20000.0,1.7,1.6,2.0,1.8,No
244,4/11/2025 4:00:00,11,4,4,1500000.0,20000.0,2.2,1.6,1.9,1.6,No
245,4/11/2025 5:00:00,11,4,5,501869.88,20000.0,1.9,1.7,1.6,1.5,No
246,4/11/2025 6:00:00,11,4,6,1500000.0,20000.0,6.3,3.0,4.1,2.7,No
247,4/11/2025 7:00:00,11,4,7,1500000.0,20000.0,3.7,2.2,3.8,1.9,No
248,4/11/2025 8:00:00,11,4,8,1500000.0,20000.0,5.4,2.3,2.7,2.2,No
249,4/11/2025 9:00:00,11,4,9,1500000.0,20000.0,2.7,2.1,2.4,1.9,Yes
250,4/11/2025 10:00:00,11,4,10,1500000.0,20000.0,5.1,2.1,2.8,2.3,Yes
251,4/11/2025 11:00:00,11,4,11,65549.16,20000.0,4.1,2.0,3.2,1.9,Yes
252,4/11/2025 12:00:00,11,4,12,210668.81,20000.0,3.2,2.4,2.9,2.2,Yes
253,4/11/2025 13:00:00,11,4,13,64842.29,20000.0,4.6,2.6,3.0,2.1,Yes
254,4/11/2025 14:00:00,11,4,14,86558.34,20000.0,2.7,2.2,2.2,2.0,No
255,4/11/2025 15:00:00,11,4,15,1500000.0,20000.0,8.8,2.8,4.7,2.4,No
256,4/11/2025 16:00:00,11,4,16,82983.78,20000.0,5.4,2.3,4.5,2.4,No
257,4/11/2025 17:00:00,11,4,17,1500000.0,20000.0,3.4,2.5,3.7,2.4,No
258,4/11/2025 18:00:00,11,4,18,102505.59,20000.0,3.9,2.4,2.6,2.0,No
259,4/11/2025 19:00:00,11,4,19,1500000.0,20000.0,2.9,2.3,2.5,2.1,No
260,4/11/2025 20:00:00,11,4,20,1500000.0,20000.0,3.4,2.2,3.1,2.3,No
261,4/11/2025 21:00:00,11,4,21,127776.45,20000.0,2.6,2.1,2.1,1.9,No
262,4/11/2025 22:00:00,11,4,22,1500000.0,20000.0,2.3,2.1,3.1,2.2,No
263,4/11/2025 23:00:00,11,4,23,63075.54,20000.0,2.8,2.2,2.9,2.0,No
264,4/12/2025 0:00:00,12,4,0,1500000.0,20000.0,2.7,2.1,2.2,2.0,
265,4/12/2025 1:00:00,12,4,1,66345.13,20000.0,2.4,2.2,2.2,2.0,
266,4/12/2025 2:00:00,12,4,2,83194.96,20000.0,2.4,2.2,2.4,2.2,
267,4/12/2025 3:00:00,12,4,3,579054.69,20000.0,2.5,2.3,2.1,1.9,
268,4/12/2025 4:00:00,12,4,4,1500000.0,20000.0,2.4,2.2,2.6,2.3,
269,4/12/2025 5:00:00,12,4,5,68053.84,20000.0,2.6,2.4,2.5,2.3,
270,4/12/2025 6:00:00,12,4,6,12118.41,20000.0,8.3,3.8,4.2,3.6,
271,4/12/2025 7:00:00,12,4,7,1423366.87,20000.0,10.8,3.3,5.7,2.9,
272,4/12/2025 8:00:00,12,4,8,66025.38,20000.0,8.8,3.2,7.5,3.2,
273,4/12/2025 9:00:00,12,4,9,72693.8,20000.0,6.2,2.9,6.3,2.6,
274,4/12/2025 10:00:00,12,4,10,1500000.0,20000.0,4.6,2.7,5.4,2.7,
275,4/12/2025 11:00:00,12,4,11,1500000.0,20000.0,4.7,2.8,5.2,2.7,
276,4/12/2025 12:00:00,12,4,12,69390.71,20000.0,3.5,2.5,3.7,2.4,
277,4/12/2025 13:00:00,12,4,13,75624.33,20000.0,3.0,2.2,3.3,2.1,
278,4/12/2025 14:00:00,12,4,14,91283.0,20000.0,3.1,2.3,3.0,2.1,
279,4/12/2025 15:00:00,12,4,15,1500000.0,20000.0,2.6,2.1,3.5,2.3,
280,4/12/2025 16:00:00,12,4,16,54372.55,20000.0,2.1,1.9,2.3,1.6,
281,4/12/2025 17:00:00,12,4,17,63760.19,20000.0,2.3,2.0,3.0,1.9,
282,4/12/2025 18:00:00,12,4,18,78015.6,20000.0,2.2,2.0,2.0,1.5,
283,4/12/2025 19:00:00,12,4,19,429994.06,20000.0,1.9,1.8,2.1,1.5,
284,4/12/2025 20:00:00,12,4,20,55213.02,20000.0,2.2,2.0,2.2,2.0,
285,4/12/2025 21:00:00,12,4,21,1500000.0,20000.0,2.2,2.0,1.7,1.5,
286,4/12/2025 22:00:00,12,4,22,77529.91,20000.0,2.3,2.1,2.9,2.2,
287,4/12/2025 23:00:00,12,4,23,70932.3,20000.0,2.7,2.3,2.1,1.8,
288,4/13/2025 0:00:00,13,4,0,1500000.0,20000.0,2.5,2.3,2.8,2.0,
291,4/13/2025 3:00:00,13,4,3,1500000.0,20000.0,2.5,2.3,2.4,2.2,
292,4/13/2025 4:00:00,13,4,4,69900.07,20000.0,2.4,2.2,2.6,2.4,
293,4/13/2025 5:00:00,13,4,5,1500000.0,20000.0,2.4,2.2,2.3,2.1,
294,4/13/2025 6:00:00,13,4,6,82354.31,20000.0,2.3,2.1,2.5,2.3,
295,4/13/2025 7:00:00,13,4,7,1500000.0,20000.0,2.3,2.1,2.5,2.3,
296,4/13/2025 8:00:00,13,4,8,68053.84,20000.0,2.3,2.1,2.4,2.2,
297,4/13/2025 9:00:00,13,4,9,256541.69,20000.0,2.2,2.0,2.1,1.9,
298,4/13/2025 10:00:00,13,4,10,58371.46,20000.0,2.1,2.0,2.1,1.9,
299,4/13/2025 11:00:00,13,4,11,56466.75,20000.0,2.1,1.9,1.7,1.6,
300,4/13/2025 12:00:00,13,4,12,407022.66,20000.0,1.9,1.8,2.0,1.8,
301,4/13/2025 13:00:00,13,4,13,87342.0,20000.0,2.5,1.7,2.1,1.7,
302,4/13/2025 14:00:00,13,4,14,1500000.0,20000.0,1.8,1.7,1.6,1.5,
303,4/13/2025 15:00:00,13,4,15,63226.96,20000.0,1.9,1.8,1.6,1.5,
304,4/13/2025 16:00:00,13,4,16,67560.41,20000.0,1.8,1.7,1.7,1.6,
305,4/13/2025 17:00:00,13,4,17,60275.77,20000.0,1.7,1.6,1.7,1.6,
306,4/13/2025 18:00:00,13,4,18,1299806.75,20000.0,1.7,1.6,1.7,1.6,
307,4/13/2025 19:00:00,13,4,19,58579.71,20000.0,1.7,1.6,1.7,1.6,
308,4/13/2025 20:00:00,13,4,20,158211.28,20000.0,1.8,1.7,1.9,1.7,
309,4/13/2025 21:00:00,13,4,21,1500000.0,20000.0,1.9,1.8,1.7,1.6,
310,4/13/2025 22:00:00,13,4,22,1500000.0,20000.0,2.2,2.0,2.0,1.8,
311,4/13/2025 23:00:00,13,4,23,1500000.0,20000.0,2.1,2.0,2.1,1.9,
312,4/14/2025 0:00:00,14,4,0,1500000.0,20000.0,2.0,1.9,2.4,2.2,No
313,4/14/2025 1:00:00,14,4,1,1500000.0,20000.0,2.0,1.9,2.0,1.8,No
314,4/14/2025 2:00:00,14,4,2,77240.31,20000.0,2.0,1.9,1.8,1.7,No
315,4/14/2025 3:00:00,14,4,3,1500000.0,20000.0,1.8,1.7,1.7,1.5,No
316,4/14/2025 4:00:00,14,4,4,56266.75,20000.0,1.9,1.8,1.7,1.6,No
317,4/14/2025 5:00:00,14,4,5,81318.65,20000.0,2.4,2.0,1.9,1.8,No
318,4/14/2025 6:00:00,14,4,6,57820.14,20000.0,5.5,3.4,4.6,3.2,No
319,4/14/2025 7:00:00,14,4,7,1500000.0,20000.0,6.6,4.0,4.8,4.2,No
320,4/14/2025 8:00:00,14,4,8,1500000.0,20000.0,8.8,6.8,8.9,6.6,Yes
321,4/14/2025 9:00:00,14,4,9,76569.77,20000.0,9.2,5.7,6.5,5.5,Yes
322,4/14/2025 10:00:00,14,4,10,1500000.0,20000.0,7.4,4.3,4.8,4.3,Yes
323,4/14/2025 11:00:00,14,4,11,64530.97,20000.0,7.8,4.7,5.6,4.9,Yes
324,4/14/2025 12:00:00,14,4,12,1500000.0,20000.0,6.1,4.0,5.5,4.8,Yes
325,4/14/2025 13:00:00,14,4,13,54565.27,20000.0,5.3,4.0,5.7,5.1,Yes
326,4/14/2025 14:00:00,14,4,14,1500000.0,20000.0,8.1,4.2,6.5,5.2,Yes
327,4/14/2025 15:00:00,14,4,15,65391.3,20000.0,3.5,3.2,4.8,4.3,Yes
328,4/14/2025 16:00:00,14,4,16,252011.19,20000.0,3.3,3.0,4.3,3.9,Yes
329,4/14/2025 17:00:00,14,4,17,1500000.0,20000.0,3.7,2.8,4.7,4.0,Yes
330,4/14/2025 18:00:00,14,4,18,81421.48,20000.0,3.2,2.9,3.7,3.3,No
331,4/14/2025 19:00:00,14,4,19,1500000.0,20000.0,3.1,2.8,3.9,3.6,No
332,4/14/2025 20:00:00,14,4,20,57751.63,20000.0,2.9,2.6,3.5,3.2,No
333,4/14/2025 21:00:00,14,4,21,68219.27,20000.0,2.9,2.7,3.5,3.2,No
334,4/14/2025 22:00:00,14,4,22,88248.95,20000.0,2.7,2.5,3.4,3.1,No
335,4/14/2025 23:00:00,14,4,23,66025.38,20000.0,2.7,2.5,3.3,3.0,No
336,4/15/2025 0:00:00,15,4,0,55539.99,20000.0,2.5,2.3,3.2,2.9,No
337,4/15/2025 1:00:00,15,4,1,1500000.0,20000.0,2.5,2.3,3.1,2.9,No
338,4/15/2025 2:00:00,15,4,2,1500000.0,20000.0,2.5,2.3,2.9,2.7,No
339,4/15/2025 3:00:00,15,4,3,63000.0,20000.0,2.5,2.3,3.1,2.9,No
340,4/15/2025 4:00:00,15,4,4,182284.7,20000.0,2.4,2.2,2.9,2.7,No
341,4/15/2025 5:00:00,15,4,5,1500000.0,20000.0,2.4,2.2,2.7,2.5,No
342,4/15/2025 6:00:00,15,4,6,1500000.0,20000.0,9.4,5.8,4.3,3.9,No
343,4/15/2025 7:00:00,15,4,7,323995.37,20000.0,4.1,3.1,4.1,3.5,No
344,4/15/2025 8:00:00,15,4,8,58649.31,20000.0,7.6,3.9,4.3,3.9,No
345,4/15/2025 9:00:00,15,4,9,63760.19,20000.0,5.5,3.8,5.8,4.4,No
346,4/15/2025 10:00:00,15,4,10,61657.63,20000.0,7.6,4.5,5.1,4.5,Yes
347,4/15/2025 11:00:00,15,4,11,78210.93,20000.0,14.2,6.2,8.6,5.4,Yes
348,4/15/2025 12:00:00,15,4,12,111526.21,20000.0,10.8,8.6,9.2,8.3,Yes
349,4/15/2025 13:00:00,15,4,13,49085.13,20000.0,9.8,6.8,11.5,8.6,Yes
350,4/15/2025 14:00:00,15,4,14,40340.6,20000.0,15.9,14.0,13.2,11.1,Yes
351,4/15/2025 15:00:00,15,4,15,56734.62,20000.0,20.2,18.1,11.5,10.3,Yes
352,4/15/2025 16:00:00,15,4,16,1500000.0,20000.0,12.1,10.8,15.9,13.3,Yes
353,4/15/2025 17:00:00,15,4,17,51993.2,20000.0,10.3,9.3,12.1,10.9,Yes
354,4/15/2025 18:00:00,15,4,18,97778.69,20000.0,9.0,8.1,11.2,10.1,No
355,4/15/2025 19:00:00,15,4,19,58719.0,20000.0,9.0,8.1,11.7,10.6,No
356,4/15/2025 20:00:00,15,4,20,55278.23,20000.0,8.7,7.9,10.4,9.4,No
357,4/15/2025 21:00:00,15,4,21,1500000.0,20000.0,7.9,7.1,10.5,9.6,No
358,4/15/2025 22:00:00,15,4,22,77918.16,20000.0,7.7,7.0,9.5,8.6,No
359,4/15/2025 23:00:00,15,4,23,64144.25,20000.0,7.1,6.6,9.1,8.2,No
360,4/16/2025 0:00:00,16,4,0,68551.55,20000.0,6.8,6.3,8.8,8.0,No
361,4/16/2025 1:00:00,16,4,1,1500000.0,20000.0,6.6,6.0,8.2,7.4,No
362,4/16/2025 2:00:00,16,4,2,501869.88,20000.0,6.0,5.5,7.7,7.0,No
363,4/16/2025 3:00:00,16,4,3,662159.31,20000.0,6.1,5.6,7.5,6.8,No
364,4/16/2025 4:00:00,16,4,4,389703.0,20000.0,5.5,5.1,7.0,6.4,No
365,4/16/2025 5:00:00,16,4,5,1500000.0,20000.0,5.4,5.0,7.0,6.4,No
366,4/16/2025 6:00:00,16,4,6,1500000.0,20000.0,9.2,4.7,8.2,4.5,No
367,4/16/2025 7:00:00,16,4,7,1500000.0,20000.0,6.7,5.1,6.0,4.9,No
368,4/16/2025 8:00:00,16,4,8,1500000.0,20000.0,7.7,6.0,7.7,5.7,No
369,4/16/2025 9:00:00,16,4,9,1500000.0,20000.0,10.3,5.7,8.3,5.8,Yes
370,4/16/2025 10:00:00,16,4,10,69644.84,20000.0,9.8,5.5,8.5,6.2,Yes
371,4/16/2025 11:00:00,16,4,11,1149044.75,20000.0,6.9,4.5,6.3,5.0,Yes
372,4/16/2025 12:00:00,16,4,12,1500000.0,20000.0,8.3,4.4,6.2,5.1,Yes
393,4/17/2025 9:00:00,17,4,9,51144.52,20000.0,7.0,4.7,6.8,5.3,Yes
394,4/17/2025 10:00:00,17,4,10,49490.07,20000.0,9.6,4.5,8.1,5.3,Yes
395,4/17/2025 11:00:00,17,4,11,1500000.0,20000.0,6.8,3.3,7.5,3.7,Yes
396,4/17/2025 12:00:00,17,4,12,1500000.0,20000.0,10.0,3.4,4.9,3.7,Yes
397,4/17/2025 13:00:00,17,4,13,141997.64,20000.0,6.9,3.3,7.4,3.6,Yes
398,4/17/2025 14:00:00,17,4,14,180656.25,20000.0,10.6,3.5,5.0,3.2,Yes
399,4/17/2025 15:00:00,17,4,15,43496.89,20000.0,8.5,3.1,6.4,2.6,Yes
400,4/17/2025 16:00:00,17,4,16,1500000.0,20000.0,11.2,3.7,7.4,3.3,Yes
401,4/17/2025 17:00:00,17,4,17,1500000.0,20000.0,8.8,3.7,7.9,3.2,Yes
537,4/23/2025 9:00:00,23,4,9,1500000.0,20000.0,14.8,5.5,15.6,8.0,Yes
538,4/23/2025 10:00:00,23,4,10,69390.71,20000.0,11.3,5.1,10.7,3.8,Yes
539,4/23/2025 11:00:00,23,4,11,60780.77,20000.0,5.8,2.9,6.2,3.5,Yes
540,4/23/2025 12:00:00,23,4,12,51264.87,20000.0,4.4,2.7,4.6,2.5,Yes
541,4/23/2025 13:00:00,23,4,13,58302.23,20000.0,5.5,3.1,4.1,2.6,Yes
542,4/23/2025 14:00:00,23,4,14,1500000.0,20000.0,8.3,3.5,3.4,2.2,Yes
543,4/23/2025 15:00:00,23,4,15,1500000.0,20000.0,4.9,2.6,3.0,2.2,Yes
657,4/28/2025 9:00:00,28,4,9,48228.76,20000.0,7.4,5.6,40.6,20.1,Yes
658,4/28/2025 10:00:00,28,4,10,376994.72,20000.0,7.1,4.7,10.6,7.6,Yes
659,4/28/2025 11:00:00,28,4,11,53294.12,20000.0,6.4,4.5,7.3,5.5,Yes
660,4/28/2025 12:00:00,28,4,12,1500000.0,20000.0,7.9,4.7,9.4,4.9,Yes
661,4/28/2025 13:00:00,28,4,13,53106.18,20000.0,6.2,4.0,5.1,4.6,Yes
662,4/28/2025 14:00:00,28,4,14,1500000.0,20000.0,13.5,3.4,5.4,4.6,Yes
663,4/28/2025 15:00:00,28,4,15,51144.52,20000.0,3.3,2.6,4.9,4.4,Yes
664,4/28/2025 16:00:00,28,4,16,1245500.0,20000.0,3.9,2.2,3.9,3.5,Yes
665,4/28/2025 17:00:00,28,4,17,196942.17,20000.0,2.3,2.1,3.4,3.1,Yes
666,4/28/2025 18:00:00,28,4,18,52732.42,20000.0,2.1,1.9,3.3,2.9,No
667,4/28/2025 19:00:00,28,4,19,1500000.0,20000.0,2.0,1.9,3.9,3.3,No
668,4/28/2025 20:00:00,28,4,20,1500000.0,20000.0,2.1,1.9,3.5,2.8,No
669,4/28/2025 21:00:00,28,4,21,55213.02,20000.0,2.2,2.0,2.8,2.6,No
670,4/28/2025 22:00:00,28,4,22,133281.22,20000.0,2.2,2.0,2.7,1.9,No
671,4/28/2025 23:00:00,28,4,23,306796.91,20000.0,2.1,1.9,2.4,2.2,No
672,4/29/2025 0:00:00,29,4,0,954687.5,20000.0,2.2,2.0,2.5,1.8,No
673,4/29/2025 1:00:00,29,4,1,1500000.0,20000.0,2.1,1.9,3.7,2.4,No
674,4/29/2025 2:00:00,29,4,2,58440.79,20000.0,2.0,1.9,4.2,2.6,No
675,4/29/2025 3:00:00,29,4,3,53545.8,20000.0,2.1,1.9,3.0,2.4,No
676,4/29/2025 4:00:00,29,4,4,1500000.0,20000.0,1.8,1.7,2.5,2.2,No
677,4/29/2025 5:00:00,29,4,5,1500000.0,20000.0,5.2,3.7,3.3,2.1,No
678,4/29/2025 6:00:00,29,4,6,58440.79,20000.0,8.8,3.3,2.2,1.9,No
679,4/29/2025 7:00:00,29,4,7,58440.79,20000.0,6.2,3.8,3.2,2.3,No
680,4/29/2025 8:00:00,29,4,8,1500000.0,20000.0,10.8,4.2,3.1,2.2,No
681,4/29/2025 9:00:00,29,4,9,1500000.0,20000.0,9.0,3.7,4.6,3.5,No
682,4/29/2025 10:00:00,29,4,10,380386.63,20000.0,10.8,3.4,4.6,3.2,Yes
683,4/29/2025 11:00:00,29,4,11,92851.66,20000.0,4.2,2.6,4.3,2.8,Yes
684,4/29/2025 12:00:00,29,4,12,51749.23,20000.0,5.7,2.4,4.1,2.1,Yes
685,4/29/2025 13:00:00,29,4,13,63913.5,20000.0,2.7,2.3,3.1,1.9,Yes
686,4/29/2025 14:00:00,29,4,14,76189.86,20000.0,5.1,3.3,2.6,1.6,Yes
687,4/29/2025 15:00:00,29,4,15,52856.7,20000.0,9.8,3.7,2.6,1.6,Yes
688,4/29/2025 16:00:00,29,4,16,176217.28,20000.0,8.0,3.3,1.9,1.5,Yes
689,4/29/2025 17:00:00,29,4,17,478475.44,20000.0,5.4,3.0,2.0,1.4,Yes
690,4/29/2025 18:00:00,29,4,18,1500000.0,20000.0,3.9,2.7,1.7,1.6,No
691,4/29/2025 19:00:00,29,4,19,98172.1,20000.0,3.7,2.7,2.0,1.6,No
692,4/29/2025 20:00:00,29,4,20,175597.22,20000.0,3.2,2.5,2.1,1.4,No
693,4/29/2025 21:00:00,29,4,21,54244.48,20000.0,4.3,2.6,3.1,1.9,No
694,4/29/2025 22:00:00,29,4,22,74508.72,20000.0,2.7,2.3,3.8,2.2,No
695,4/29/2025 23:00:00,29,4,23,71106.12,20000.0,2.6,2.2,3.7,2.2,No
696,4/30/2025 0:00:00,30,4,0,86893.07,20000.0,2.6,2.2,3.6,2.4,No
697,4/30/2025 1:00:00,30,4,1,52423.07,20000.0,2.4,2.0,5.2,2.8,No
698,4/30/2025 2:00:00,30,4,2,324856.16,20000.0,2.4,2.1,3.6,2.4,No
699,4/30/2025 3:00:00,30,4,3,1500000.0,20000.0,2.4,2.0,2.8,2.0,No
700,4/30/2025 4:00:00,30,4,4,60925.92,20000.0,2.1,2.0,4.4,2.5,No
701,4/30/2025 5:00:00,30,4,5,73776.19,20000.0,6.9,3.6,4.2,2.8,No
702,4/30/2025 6:00:00,30,4,6,716190.5,20000.0,6.6,3.5,4.4,2.8,No
703,4/30/2025 7:00:00,30,4,7,54180.56,20000.0,7.0,3.5,7.5,4.9,No
704,4/30/2025 8:00:00,30,4,8,54758.73,20000.0,4.3,2.7,4.3,3.4,No
705,4/30/2025 9:00:00,30,4,9,66345.13,20000.0,6.2,2.8,8.9,5.7,Yes
706,4/30/2025 10:00:00,30,4,10,668491.06,20000.0,4.6,2.7,4.5,2.5,Yes
707,4/30/2025 11:00:00,30,4,11,207801.27,20000.0,4.9,2.3,3.4,3.1,Yes
708,4/30/2025 12:00:00,30,4,12,65155.36,20000.0,2.9,2.4,2.7,2.0,Yes
709,4/30/2025 13:00:00,30,4,13,1500000.0,20000.0,2.7,2.2,2.2,1.9,Yes
710,4/30/2025 14:00:00,30,4,14,50606.58,20000.0,2.6,2.0,3.1,2.0,Yes
711,4/30/2025 15:00:00,30,4,15,1500000.0,20000.0,2.9,2.2,2.6,1.9,Yes
712,4/30/2025 16:00:00,30,4,16,63760.19,20000.0,3.7,2.2,2.9,1.8,Yes
713,4/30/2025 17:00:00,30,4,17,1500000.0,20000.0,2.4,2.0,2.0,1.8,Yes
714,4/30/2025 18:00:00,30,4,18,1500000.0,20000.0,2.1,1.9,3.1,2.5,Yes
715,4/30/2025 19:00:00,30,4,19,51445.95,20000.0,2.7,2.1,3.4,2.6,Yes
716,4/30/2025 20:00:00,30,4,20,1500000.0,20000.0,2.6,2.3,2.2,2.0,No
717,4/30/2025 21:00:00,30,4,21,1500000.0,20000.0,3.2,2.9,4.0,2.4,No
718,4/30/2025 22:00:00,30,4,22,1500000.0,20000.0,3.2,2.9,3.1,2.6,No
719,4/30/2025 23:00:00,30,4,23,211917.61,20000.0,3.5,3.2,3.2,2.9,No
720,5/1/2025 0:00:00,1,5,0,125891.05,20000.0,2.8,2.6,2.6,2.4,No
721,5/1/2025 1:00:00,1,5,1,202641.73,20000.0,2.9,2.6,2.4,1.9,No
722,5/1/2025 2:00:00,1,5,2,46779.99,20000.0,2.7,2.5,2.1,1.9,No
723,5/1/2025 3:00:00,1,5,3,65549.16,20000.0,2.6,2.4,2.4,2.1,No
724,5/1/2025 4:00:00,1,5,4,583984.25,20000.0,2.5,2.3,3.0,2.2,No
725,5/1/2025 5:00:00,1,5,5,1500000.0,20000.0,2.3,2.1,4.2,3.6,No
726,5/1/2025 6:00:00,1,5,6,1500000.0,20000.0,3.3,2.6,5.3,4.0,No
727,5/1/2025 7:00:00,1,5,7,72248.52,20000.0,3.4,2.9,6.7,4.0,No
728,5/1/2025 8:00:00,1,5,8,1383982.25,20000.0,3.1,2.8,3.6,3.0,No
729,5/1/2025 9:00:00,1,5,9,61657.63,20000.0,3.0,2.7,4.1,2.6,No
730,5/1/2025 10:00:00,1,5,10,61953.09,20000.0,3.0,2.6,2.3,2.0,No
731,5/1/2025 11:00:00,1,5,11,56001.29,20000.0,2.7,2.5,2.3,2.1,No
732,5/1/2025 12:00:00,1,5,12,59350.36,20000.0,2.6,2.4,2.6,2.2,No
733,5/1/2025 13:00:00,1,5,13,1500000.0,20000.0,2.5,2.2,2.0,1.7,No
734,5/1/2025 14:00:00,1,5,14,54629.68,20000.0,2.2,2.0,2.0,1.8,No
735,5/1/2025 15:00:00,1,5,15,1500000.0,20000.0,2.5,2.3,2.1,1.9,No
736,5/1/2025 16:00:00,1,5,16,186970.8,20000.0,3.3,2.0,2.0,1.5,No
737,5/1/2025 17:00:00,1,5,17,93958.67,20000.0,2.0,1.8,2.0,1.8,No
738,5/1/2025 18:00:00,1,5,18,1266688.5,20000.0,2.4,1.8,2.7,2.5,No
739,5/1/2025 19:00:00,1,5,19,1500000.0,20000.0,2.1,1.9,3.4,2.7,No
740,5/1/2025 20:00:00,1,5,20,1500000.0,20000.0,2.0,1.9,2.8,2.4,No
741,5/1/2025 21:00:00,1,5,21,52856.7,20000.0,2.2,2.0,3.4,2.3,No
742,5/1/2025 22:00:00,1,5,22,1500000.0,20000.0,2.2,2.0,3.2,2.7,No
743,5/1/2025 23:00:00,1,5,23,105929.4,20000.0,2.7,2.2,4.1,3.4,No
744,5/2/2025 0:00:00,2,5,0,55605.64,20000.0,2.6,2.4,4.5,3.5,No
745,5/2/2025 1:00:00,2,5,1,1058310.37,20000.0,3.2,2.6,4.1,3.7,No
746,5/2/2025 2:00:00,2,5,2,1500000.0,20000.0,3.3,3.0,5.9,4.4,No
747,5/2/2025 3:00:00,2,5,3,1500000.0,20000.0,3.3,3.0,4.9,3.9,No
748,5/2/2025 4:00:00,2,5,4,90100.09,20000.0,3.3,3.0,4.1,3.6,No
749,5/2/2025 5:00:00,2,5,5,1500000.0,20000.0,5.2,3.4,6.5,4.7,No
750,5/2/2025 6:00:00,2,5,6,55605.64,20000.0,5.3,3.9,8.0,5.6,No
751,5/2/2025 7:00:00,2,5,7,1500000.0,20000.0,3.7,3.3,8.8,6.1,No
752,5/2/2025 8:00:00,2,5,8,61217.42,20000.0,4.3,3.4,6.0,5.2,No
753,5/2/2025 9:00:00,2,5,9,296190.56,20000.0,3.4,3.1,4.7,3.3,No
754,5/2/2025 10:00:00,2,5,10,833604.31,20000.0,3.8,3.1,3.1,2.6,No
755,5/2/2025 11:00:00,2,5,11,1500000.0,20000.0,3.1,2.8,2.6,1.9,Yes
756,5/2/2025 12:00:00,2,5,12,70327.97,20000.0,3.4,3.0,3.2,1.8,Yes
757,5/2/2025 13:00:00,2,5,13,314783.31,20000.0,2.8,2.6,2.3,1.9,Yes
758,5/2/2025 14:00:00,2,5,14,210255.22,20000.0,2.8,2.6,2.9,1.8,Yes
759,5/2/2025 15:00:00,2,5,15,1500000.0,20000.0,2.8,2.5,3.6,1.9,Yes
760,5/2/2025 16:00:00,2,5,16,65786.77,20000.0,2.7,2.5,3.4,1.9,No
761,5/2/2025 17:00:00,2,5,17,1322829.12,20000.0,2.6,2.4,3.1,2.2,Yes
762,5/2/2025 18:00:00,2,5,18,54180.56,20000.0,2.4,2.2,2.9,2.3,Yes
763,5/2/2025 19:00:00,2,5,19,53545.8,20000.0,2.6,2.4,4.0,2.5,No
764,5/2/2025 20:00:00,2,5,20,65549.16,20000.0,2.6,2.4,3.3,2.6,No
765,5/2/2025 21:00:00,2,5,21,389703.0,20000.0,2.6,2.4,5.2,3.0,No
766,5/2/2025 22:00:00,2,5,22,1500000.0,20000.0,2.5,2.3,4.1,3.6,No
767,5/2/2025 23:00:00,2,5,23,57410.42,20000.0,2.3,2.1,4.8,3.9,No
768,5/3/2025 0:00:00,3,5,0,50251.21,20000.0,2.5,2.3,3.5,3.2,
769,5/3/2025 1:00:00,3,5,1,1500000.0,20000.0,2.3,2.1,5.1,3.0,
770,5/3/2025 2:00:00,3,5,2,1500000.0,20000.0,2.0,1.9,3.2,2.9,
771,5/3/2025 3:00:00,3,5,3,1500000.0,20000.0,2.1,1.9,4.0,2.9,
772,5/3/2025 4:00:00,3,5,4,55803.07,20000.0,2.2,2.0,3.6,3.1,
773,5/3/2025 5:00:00,3,5,5,395734.78,20000.0,2.1,1.9,6.2,3.8,
774,5/3/2025 6:00:00,3,5,6,67724.41,20000.0,2.1,1.9,6.6,4.5,
775,5/3/2025 7:00:00,3,5,7,52981.28,20000.0,2.4,2.2,6.8,4.3,
776,5/3/2025 8:00:00,3,5,8,1500000.0,20000.0,2.2,1.9,4.5,3.5,
777,5/3/2025 9:00:00,3,5,9,1500000.0,20000.0,2.1,1.9,3.1,2.7,
778,5/3/2025 10:00:00,3,5,10,59775.48,20000.0,2.2,2.0,3.6,2.3,
779,5/3/2025 11:00:00,3,5,11,53106.18,20000.0,2.0,1.9,4.2,2.6,
780,5/3/2025 12:00:00,3,5,12,1500000.0,20000.0,2.0,1.9,4.5,2.6,
781,5/3/2025 13:00:00,3,5,13,56667.54,20000.0,2.1,1.7,3.1,2.4,
782,5/3/2025 14:00:00,3,5,14,74141.34,20000.0,2.1,1.9,3.5,2.8,
783,5/3/2025 15:00:00,3,5,15,1500000.0,20000.0,1.9,1.8,3.4,2.8,
784,5/3/2025 16:00:00,3,5,16,1500000.0,20000.0,1.9,1.8,4.8,2.3,
785,5/3/2025 17:00:00,3,5,17,1500000.0,20000.0,2.2,2.0,3.0,2.2,
786,5/3/2025 18:00:00,3,5,18,53862.17,20000.0,1.9,1.8,3.5,2.8,
787,5/3/2025 19:00:00,3,5,19,69900.07,20000.0,1.7,1.6,4.4,3.1,
788,5/3/2025 20:00:00,3,5,20,1500000.0,20000.0,1.9,1.8,3.4,3.0,
789,5/3/2025 21:00:00,3,5,21,1500000.0,20000.0,1.7,1.6,4.3,3.5,
790,5/3/2025 22:00:00,3,5,22,1500000.0,20000.0,1.8,1.7,4.4,3.5,
791,5/3/2025 23:00:00,3,5,23,1500000.0,20000.0,1.8,1.7,5.1,3.3,
792,5/4/2025 0:00:00,4,5,0,65707.45,20000.0,1.8,1.7,3.3,2.9,
793,5/4/2025 1:00:00,4,5,1,248156.55,20000.0,1.7,1.6,3.1,2.6,
794,5/4/2025 2:00:00,4,5,2,1500000.0,20000.0,1.7,1.6,2.6,2.1,
796,5/4/2025 4:00:00,4,5,4,54500.95,20000.0,1.7,1.6,2.4,2.2,
799,5/4/2025 7:00:00,4,5,7,58440.79,20000.0,1.6,1.5,3.1,2.2,
800,5/4/2025 8:00:00,4,5,8,121883.03,20000.0,1.5,1.4,4.8,2.3,
801,5/4/2025 9:00:00,4,5,9,1500000.0,20000.0,1.7,1.6,4.3,2.8,
804,5/4/2025 12:00:00,4,5,12,60925.92,20000.0,1.7,1.6,2.7,2.5,
806,5/4/2025 14:00:00,4,5,14,65391.3,20000.0,1.6,1.5,2.6,2.1,
809,5/4/2025 17:00:00,4,5,17,357722.25,20000.0,1.6,1.5,2.2,1.8,
812,5/4/2025 20:00:00,4,5,20,77433.23,20000.0,1.6,1.5,5.5,3.2,
813,5/4/2025 21:00:00,4,5,21,59068.83,20000.0,1.6,1.5,4.8,3.3,
815,5/4/2025 23:00:00,4,5,23,71806.52,20000.0,1.5,1.4,4.2,3.5,
816,5/5/2025 0:00:00,5,5,0,1500000.0,20000.0,1.6,1.5,4.8,4.3,No
817,5/5/2025 1:00:00,5,5,1,56067.53,20000.0,1.6,1.5,4.8,4.2,No
818,5/5/2025 2:00:00,5,5,2,1500000.0,20000.0,1.7,1.5,5.7,4.5,No
819,5/5/2025 3:00:00,5,5,3,116207.73,20000.0,1.6,1.5,4.9,4.4,No
820,5/5/2025 4:00:00,5,5,4,239708.42,20000.0,1.6,1.5,5.3,4.0,No
821,5/5/2025 5:00:00,5,5,5,58164.05,20000.0,4.1,3.0,4.7,3.8,No
822,5/5/2025 6:00:00,5,5,6,1383982.25,20000.0,6.6,4.0,4.8,4.2,No
823,5/5/2025 7:00:00,5,5,7,1500000.0,20000.0,7.3,3.9,4.2,3.8,No
824,5/5/2025 8:00:00,5,5,8,193284.86,20000.0,10.1,6.1,7.1,5.2,Yes
825,5/5/2025 9:00:00,5,5,9,1500000.0,20000.0,10.8,6.7,7.0,5.1,Yes
826,5/5/2025 10:00:00,5,5,10,1500000.0,20000.0,8.1,4.7,7.2,5.3,Yes
827,5/5/2025 11:00:00,5,5,11,65628.25,20000.0,7.9,4.3,7.5,5.0,Yes
828,5/5/2025 12:00:00,5,5,12,858480.25,20000.0,7.8,3.6,4.6,3.1,Yes
829,5/5/2025 13:00:00,5,5,13,1500000.0,20000.0,6.0,3.7,6.4,3.5,Yes
830,5/5/2025 14:00:00,5,5,14,1500000.0,20000.0,5.0,2.8,5.5,3.0,Yes
831,5/5/2025 15:00:00,5,5,15,55147.87,20000.0,4.2,2.7,3.6,2.8,Yes
832,5/5/2025 16:00:00,5,5,16,1500000.0,20000.0,4.4,2.9,3.7,2.8,Yes
833,5/5/2025 17:00:00,5,5,17,56200.25,20000.0,3.7,2.8,3.8,2.7,Yes
834,5/5/2025 18:00:00,5,5,18,54244.48,20000.0,3.2,2.9,4.1,3.3,No
835,5/5/2025 19:00:00,5,5,19,480203.91,20000.0,3.3,2.7,4.9,3.5,No
836,5/5/2025 20:00:00,5,5,20,1500000.0,20000.0,2.9,2.7,5.6,3.8,No
837,5/5/2025 21:00:00,5,5,21,367134.38,20000.0,2.8,2.6,4.7,3.7,No
838,5/5/2025 22:00:00,5,5,22,1500000.0,20000.0,2.7,2.5,6.4,4.6,No
839,5/5/2025 23:00:00,5,5,23,77529.91,20000.0,2.9,2.6,6.6,4.5,No
840,5/6/2025 0:00:00,6,5,0,1500000.0,20000.0,2.7,2.5,7.1,5.0,No
841,5/6/2025 1:00:00,6,5,1,210255.22,20000.0,2.6,2.4,7.1,5.1,No
842,5/6/2025 2:00:00,6,5,2,56734.62,20000.0,2.6,2.4,5.8,5.2,No
843,5/6/2025 3:00:00,6,5,3,290410.53,20000.0,2.6,2.4,5.7,4.5,No
844,5/6/2025 4:00:00,6,5,4,58928.62,20000.0,2.4,2.2,5.1,4.6,No
845,5/6/2025 5:00:00,6,5,5,55408.95,20000.0,3.9,3.0,7.3,4.6,No
846,5/6/2025 6:00:00,6,5,6,1500000.0,20000.0,13.4,5.7,8.0,6.0,No
847,5/6/2025 7:00:00,6,5,7,1500000.0,20000.0,14.3,6.0,8.0,6.4,No
848,5/6/2025 8:00:00,6,5,8,1500000.0,20000.0,14.1,7.3,7.0,5.4,No
849,5/6/2025 9:00:00,6,5,9,1500000.0,20000.0,16.0,8.0,10.6,6.4,No
850,5/6/2025 10:00:00,6,5,10,52794.52,20000.0,12.1,6.8,15.0,9.2,Yes
851,5/6/2025 11:00:00,6,5,11,64144.25,20000.0,7.7,4.7,6.8,4.2,Yes
852,5/6/2025 12:00:00,6,5,12,56266.75,20000.0,12.5,4.0,5.5,3.2,Yes
854,5/6/2025 14:00:00,6,5,14,74878.33,20000.0,6.2,3.2,3.7,1.6,Yes
855,5/6/2025 15:00:00,6,5,15,655938.56,20000.0,4.4,2.2,3.1,2.0,Yes
856,5/6/2025 16:00:00,6,5,16,1500000.0,20000.0,14.1,9.1,2.9,1.6,Yes
857,5/6/2025 17:00:00,6,5,17,51024.47,20000.0,4.8,3.0,5.3,2.1,Yes
858,5/6/2025 18:00:00,6,5,18,50844.93,20000.0,4.3,2.6,3.7,2.3,No
859,5/6/2025 19:00:00,6,5,19,1500000.0,20000.0,5.2,3.0,4.0,1.9,No
860,5/6/2025 20:00:00,6,5,20,111998.02,20000.0,4.2,2.8,5.7,3.7,No
861,5/6/2025 21:00:00,6,5,21,1500000.0,20000.0,3.3,2.5,4.8,3.7,No
862,5/6/2025 22:00:00,6,5,22,1081662.0,20000.0,2.7,2.4,4.5,2.7,No
863,5/6/2025 23:00:00,6,5,23,1500000.0,20000.0,3.4,2.5,6.1,3.0,No
864,5/7/2025 0:00:00,7,5,0,59775.48,20000.0,3.0,2.4,5.7,3.6,No
865,5/7/2025 1:00:00,7,5,1,1500000.0,20000.0,3.1,2.3,7.5,4.5,No
866,5/7/2025 2:00:00,7,5,2,67071.18,20000.0,2.5,2.3,5.7,3.7,No
867,5/7/2025 3:00:00,7,5,3,66990.05,20000.0,2.5,2.3,5.1,3.4,No
868,5/7/2025 4:00:00,7,5,4,99098.45,20000.0,2.4,2.2,5.4,3.6,No
869,5/7/2025 5:00:00,7,5,5,1500000.0,20000.0,7.3,4.4,7.5,4.1,No
870,5/7/2025 6:00:00,7,5,6,51024.47,20000.0,9.1,4.9,5.0,3.8,No
871,5/7/2025 7:00:00,7,5,7,55539.99,20000.0,9.7,4.8,7.2,4.1,No
872,5/7/2025 8:00:00,7,5,8,1500000.0,20000.0,6.9,4.9,8.3,4.9,No
873,5/7/2025 9:00:00,7,5,9,1500000.0,20000.0,9.6,4.9,8.5,4.9,Yes
874,5/7/2025 10:00:00,7,5,10,1500000.0,20000.0,12.7,5.3,6.3,2.9,Yes
875,5/7/2025 11:00:00,7,5,11,53672.11,20000.0,5.4,3.9,7.2,4.5,Yes
876,5/7/2025 12:00:00,7,5,12,72337.3,20000.0,6.0,3.2,4.4,3.2,Yes
877,5/7/2025 13:00:00,7,5,13,1500000.0,20000.0,5.7,1.8,2.8,2.3,Yes
878,5/7/2025 14:00:00,7,5,14,1500000.0,20000.0,8.5,3.7,3.2,2.0,Yes
879,5/7/2025 15:00:00,7,5,15,46615.66,20000.0,9.7,5.8,6.8,3.4,Yes
880,5/7/2025 16:00:00,7,5,16,1500000.0,20000.0,6.5,2.8,5.0,2.2,Yes
881,5/7/2025 17:00:00,7,5,17,177467.8,20000.0,4.4,3.0,3.3,2.0,Yes
882,5/7/2025 18:00:00,7,5,18,1500000.0,20000.0,5.7,3.3,2.6,2.1,Yes
883,5/7/2025 19:00:00,7,5,19,1500000.0,20000.0,4.1,3.1,3.4,2.1,Yes
884,5/7/2025 20:00:00,7,5,20,59068.83,20000.0,3.1,2.8,4.4,2.4,No
885,5/7/2025 21:00:00,7,5,21,70845.59,20000.0,3.5,2.6,3.5,2.1,No
886,5/7/2025 22:00:00,7,5,22,1500000.0,20000.0,4.7,2.7,4.6,2.7,No
887,5/7/2025 23:00:00,7,5,23,924333.31,20000.0,2.8,2.5,5.9,5.2,No
888,5/8/2025 0:00:00,8,5,0,52238.39,20000.0,2.7,2.4,8.0,7.2,No
889,5/8/2025 1:00:00,8,5,1,66747.34,20000.0,3.1,2.6,7.2,6.5,No
890,5/8/2025 2:00:00,8,5,2,356702.78,20000.0,2.9,2.5,3.8,3.5,No
891,5/8/2025 3:00:00,8,5,3,58440.79,20000.0,2.9,2.4,4.3,2.9,No
892,5/8/2025 4:00:00,8,5,4,52176.98,20000.0,3.3,2.4,3.7,2.6,No
893,5/8/2025 5:00:00,8,5,5,1500000.0,20000.0,9.7,3.4,5.5,3.3,No
894,5/8/2025 6:00:00,8,5,6,1500000.0,20000.0,7.0,3.8,5.0,3.4,No
895,5/8/2025 7:00:00,8,5,7,70845.59,20000.0,7.6,3.7,6.8,3.6,No
896,5/8/2025 8:00:00,8,5,8,427171.63,20000.0,8.6,3.9,7.4,4.4,Yes
897,5/8/2025 9:00:00,8,5,9,1500000.0,20000.0,5.1,3.1,6.6,3.8,Yes
898,5/8/2025 10:00:00,8,5,10,1500000.0,20000.0,16.3,5.1,6.6,4.5,Yes
899,5/8/2025 11:00:00,8,5,11,26755.18,20000.0,8.1,3.2,7.2,4.0,Yes
900,5/8/2025 12:00:00,8,5,12,1500000.0,20000.0,10.3,3.9,5.0,2.9,Yes
901,5/8/2025 13:00:00,8,5,13,55671.37,20000.0,5.1,2.4,4.1,2.2,Yes
902,5/8/2025 14:00:00,8,5,14,101535.68,20000.0,4.0,2.3,2.5,1.9,Yes
903,5/8/2025 15:00:00,8,5,15,1500000.0,20000.0,8.1,2.5,2.7,1.7,Yes
904,5/8/2025 16:00:00,8,5,16,49606.39,20000.0,3.7,2.2,2.4,1.0,Yes
905,5/8/2025 17:00:00,8,5,17,79795.88,20000.0,4.1,2.1,2.2,0.9,Yes
906,5/8/2025 18:00:00,8,5,18,1500000.0,20000.0,5.5,2.8,2.1,1.2,Yes
907,5/8/2025 19:00:00,8,5,19,1500000.0,20000.0,2.9,2.5,1.7,1.5,
908,5/8/2025 20:00:00,8,5,20,1500000.0,20000.0,2.9,2.2,2.0,1.6,No
909,5/8/2025 21:00:00,8,5,21,157426.03,20000.0,2.6,2.2,1.9,1.6,No
910,5/8/2025 22:00:00,8,5,22,1500000.0,20000.0,2.6,2.0,2.3,1.3,No
911,5/8/2025 23:00:00,8,5,23,58649.31,20000.0,2.3,1.9,1.6,1.1,No
912,5/9/2025 0:00:00,9,5,0,51084.45,20000.0,2.5,1.6,2.5,1.4,No
913,5/9/2025 1:00:00,9,5,1,56266.75,20000.0,2.1,1.6,1.5,1.2,No
914,5/9/2025 2:00:00,9,5,2,1500000.0,20000.0,1.8,1.6,3.3,1.6,No
915,5/9/2025 3:00:00,9,5,3,1500000.0,20000.0,2.4,1.6,2.6,1.8,No
916,5/9/2025 4:00:00,9,5,4,52608.45,20000.0,2.6,1.6,3.9,2.6,No
917,5/9/2025 5:00:00,9,5,5,310745.53,20000.0,7.5,2.9,3.8,3.0,No
918,5/9/2025 6:00:00,9,5,6,93711.15,20000.0,5.0,2.7,4.7,2.3,No
919,5/9/2025 7:00:00,9,5,7,55278.23,20000.0,3.4,2.1,5.5,3.0,No
920,5/9/2025 8:00:00,9,5,8,1500000.0,20000.0,4.5,2.7,3.3,2.0,No
921,5/9/2025 9:00:00,9,5,9,71630.64,20000.0,4.2,2.3,2.5,1.8,No
922,5/9/2025 10:00:00,9,5,10,196942.17,20000.0,5.9,2.6,2.0,1.8,No
924,5/9/2025 12:00:00,9,5,12,1500000.0,20000.0,7.8,3.0,2.2,2.0,Yes
925,5/9/2025 13:00:00,9,5,13,82878.45,20000.0,3.3,2.0,2.2,2.0,Yes
926,5/9/2025 14:00:00,9,5,14,55082.8,20000.0,5.1,2.0,2.3,2.0,Yes
927,5/9/2025 15:00:00,9,5,15,1500000.0,20000.0,2.3,2.0,2.3,1.5,Yes
928,5/9/2025 16:00:00,9,5,16,1500000.0,20000.0,3.0,2.4,2.4,1.7,No
929,5/9/2025 17:00:00,9,5,17,1500000.0,20000.0,5.3,4.4,2.1,1.9,Yes
930,5/9/2025 18:00:00,9,5,18,1500000.0,20000.0,4.4,4.0,2.4,1.9,Yes
931,5/9/2025 19:00:00,9,5,19,72426.23,20000.0,4.0,3.6,2.5,2.0,No
932,5/9/2025 20:00:00,9,5,20,1149044.75,20000.0,3.7,3.4,2.9,1.8,No
933,5/9/2025 21:00:00,9,5,21,1500000.0,20000.0,3.6,3.3,2.4,2.2,No
934,5/9/2025 22:00:00,9,5,22,1500000.0,20000.0,3.5,3.1,2.7,2.3,No
935,5/9/2025 23:00:00,9,5,23,1500000.0,20000.0,3.4,3.1,2.6,2.1,No
936,5/10/2025 0:00:00,10,5,0,232703.33,20000.0,3.2,3.0,2.7,2.1,
937,5/10/2025 1:00:00,10,5,1,1500000.0,20000.0,2.9,2.7,2.3,2.1,
938,5/10/2025 2:00:00,10,5,2,1500000.0,20000.0,2.7,2.5,2.4,2.2,
939,5/10/2025 3:00:00,10,5,3,98435.56,20000.0,2.6,2.4,4.6,3.2,
940,5/10/2025 4:00:00,10,5,4,53989.29,20000.0,2.8,2.6,3.8,3.1,
941,5/10/2025 5:00:00,10,5,5,132473.69,20000.0,2.4,2.2,2.6,2.1,
942,5/10/2025 6:00:00,10,5,6,1500000.0,20000.0,2.4,1.9,2.3,2.1,
943,5/10/2025 7:00:00,10,5,7,1500000.0,20000.0,3.4,2.5,2.5,2.2,
944,5/10/2025 8:00:00,10,5,8,72071.33,20000.0,3.5,2.4,3.0,2.0,
945,5/10/2025 9:00:00,10,5,9,1500000.0,20000.0,3.7,2.9,2.3,1.9,
946,5/10/2025 10:00:00,10,5,10,1500000.0,20000.0,4.4,2.9,2.1,1.9,
947,5/10/2025 11:00:00,10,5,11,1500000.0,20000.0,3.0,2.7,2.0,1.9,
948,5/10/2025 12:00:00,10,5,12,1500000.0,20000.0,2.5,2.3,2.2,1.8,
949,5/10/2025 13:00:00,10,5,13,1500000.0,20000.0,2.6,2.4,2.3,2.1,
950,5/10/2025 14:00:00,10,5,14,1500000.0,20000.0,2.7,2.4,2.7,2.2,
951,5/10/2025 15:00:00,10,5,15,1500000.0,20000.0,2.3,2.1,3.1,2.7,
952,5/10/2025 16:00:00,10,5,16,116374.11,20000.0,2.8,2.6,2.9,2.4,
953,5/10/2025 17:00:00,10,5,17,80705.19,20000.0,2.6,2.4,3.5,2.6,
954,5/10/2025 18:00:00,10,5,18,55935.13,20000.0,2.4,2.2,3.6,2.2,
955,5/10/2025 19:00:00,10,5,19,64998.6,20000.0,2.5,2.3,2.7,2.2,
956,5/10/2025 20:00:00,10,5,20,69221.9,20000.0,3.7,3.4,2.6,2.1,
957,5/10/2025 21:00:00,10,5,21,275474.84,20000.0,5.2,4.7,2.2,2.0,
958,5/10/2025 22:00:00,10,5,22,199949.16,20000.0,4.7,4.3,2.3,2.1,
959,5/10/2025 23:00:00,10,5,23,114399.8,20000.0,4.9,4.5,2.2,1.9,
960,5/11/2025 0:00:00,11,5,0,76379.52,20000.0,4.4,4.1,2.4,2.1,
961,5/11/2025 1:00:00,11,5,1,82878.45,20000.0,4.5,4.1,2.2,2.0,
962,5/11/2025 2:00:00,11,5,2,1500000.0,20000.0,3.9,3.6,2.6,2.1,
963,5/11/2025 3:00:00,11,5,3,52299.88,20000.0,3.8,3.5,2.9,2.4,
964,5/11/2025 4:00:00,11,5,4,52981.28,20000.0,3.5,3.2,2.2,2.0,
965,5/11/2025 5:00:00,11,5,5,1500000.0,20000.0,3.5,3.2,2.5,1.9,
966,5/11/2025 6:00:00,11,5,6,66747.34,20000.0,3.2,2.9,1.8,1.7,
967,5/11/2025 7:00:00,11,5,7,1500000.0,20000.0,3.4,3.1,2.1,1.9,
968,5/11/2025 8:00:00,11,5,8,1245500.0,20000.0,3.2,3.0,2.5,2.2,
969,5/11/2025 9:00:00,11,5,9,62324.7,20000.0,3.2,3.0,2.4,2.2,
970,5/11/2025 10:00:00,11,5,10,525392.87,20000.0,2.7,2.5,3.5,3.0,
971,5/11/2025 11:00:00,11,5,11,1500000.0,20000.0,2.7,2.5,4.1,2.9,
972,5/11/2025 12:00:00,11,5,12,302172.12,20000.0,2.5,2.3,3.4,3.1,
973,5/11/2025 13:00:00,11,5,13,63683.7,20000.0,2.6,2.4,3.4,3.1,
974,5/11/2025 14:00:00,11,5,14,53862.17,20000.0,2.5,2.3,3.1,2.8,
975,5/11/2025 15:00:00,11,5,15,1500000.0,20000.0,2.5,2.3,3.7,3.3,
976,5/11/2025 16:00:00,11,5,16,55213.02,20000.0,2.2,2.1,3.9,3.6,
977,5/11/2025 17:00:00,11,5,17,53925.69,20000.0,2.2,2.0,3.3,3.0,
978,5/11/2025 18:00:00,11,5,18,72515.29,20000.0,2.5,2.3,3.5,3.2,
979,5/11/2025 19:00:00,11,5,19,52176.98,20000.0,2.2,2.1,3.7,3.3,
980,5/11/2025 20:00:00,11,5,20,1500000.0,20000.0,2.5,2.3,3.6,3.3,
981,5/11/2025 21:00:00,11,5,21,318913.25,20000.0,2.3,2.2,3.1,2.9,
982,5/11/2025 22:00:00,11,5,22,1500000.0,20000.0,2.3,2.1,2.9,2.7,
983,5/11/2025 23:00:00,11,5,23,79996.83,20000.0,2.3,2.2,3.0,2.7,
984,5/12/2025 0:00:00,12,5,0,1500000.0,20000.0,2.3,2.1,3.8,3.4,No
985,5/12/2025 1:00:00,12,5,1,94331.57,20000.0,2.3,2.1,3.3,3.0,No
986,5/12/2025 2:00:00,12,5,2,56001.29,20000.0,2.1,2.0,3.7,2.9,No
987,5/12/2025 3:00:00,12,5,3,1500000.0,20000.0,2.3,2.1,3.0,2.8,No
988,5/12/2025 4:00:00,12,5,4,59279.84,20000.0,2.3,2.1,3.0,2.8,No
989,5/12/2025 5:00:00,12,5,5,60275.77,20000.0,4.6,3.2,3.5,3.2,No
990,5/12/2025 6:00:00,12,5,6,80705.19,20000.0,8.2,5.5,3.4,3.1,No
991,5/12/2025 7:00:00,12,5,7,1500000.0,20000.0,7.3,4.9,5.2,4.7,No
992,5/12/2025 8:00:00,12,5,8,95970.55,20000.0,7.1,4.4,8.9,8.0,Yes
993,5/12/2025 9:00:00,12,5,9,954687.5,20000.0,9.8,7.3,8.8,7.9,Yes
994,5/12/2025 10:00:00,12,5,10,1500000.0,20000.0,12.2,6.8,27.5,17.2,Yes
995,5/12/2025 11:00:00,12,5,11,1334637.87,20000.0,10.2,6.4,10.3,7.9,Yes
996,5/12/2025 12:00:00,12,5,12,52856.7,20000.0,5.2,4.2,5.9,4.9,Yes
997,5/12/2025 13:00:00,12,5,13,1500000.0,20000.0,7.1,5.5,5.6,4.7,Yes
998,5/12/2025 14:00:00,12,5,14,69475.29,20000.0,4.2,3.5,4.8,4.3,Yes
1000,5/12/2025 16:00:00,12,5,16,1500000.0,20000.0,8.7,7.9,4.7,4.3,Yes
1001,5/12/2025 17:00:00,12,5,17,1500000.0,20000.0,7.7,7.0,5.6,4.7,Yes
1002,5/12/2025 18:00:00,12,5,18,1500000.0,20000.0,7.2,6.5,7.3,5.9,No
1003,5/12/2025 19:00:00,12,5,19,1500000.0,20000.0,6.7,6.0,8.7,6.6,No
1005,5/12/2025 21:00:00,12,5,21,1500000.0,20000.0,6.9,6.3,3.7,3.4,No
1006,5/12/2025 22:00:00,12,5,22,1500000.0,20000.0,6.9,6.3,2.5,2.1,No
1007,5/12/2025 23:00:00,12,5,23,59562.5,20000.0,6.4,5.9,2.0,1.8,No
1008,5/13/2025 0:00:00,13,5,0,59775.48,20000.0,6.0,5.6,2.0,1.9,No
1009,5/13/2025 1:00:00,13,5,1,76284.62,20000.0,5.5,5.1,1.9,1.8,No
1010,5/13/2025 2:00:00,13,5,2,53294.12,20000.0,5.0,4.6,2.0,1.9,No
1011,5/13/2025 3:00:00,13,5,3,52115.64,20000.0,4.9,4.5,2.3,2.1,No
1012,5/13/2025 4:00:00,13,5,4,64998.6,20000.0,4.7,4.3,2.0,1.9,No
1013,5/13/2025 5:00:00,13,5,5,410914.31,20000.0,4.3,4.0,2.3,2.1,No
1014,5/13/2025 6:00:00,13,5,6,1500000.0,20000.0,23.8,4.5,3.8,2.9,No
1015,5/13/2025 7:00:00,13,5,7,71019.14,20000.0,7.8,6.5,3.3,2.5,No
1016,5/13/2025 8:00:00,13,5,8,92123.27,20000.0,11.6,7.6,3.2,2.9,No
1017,5/13/2025 9:00:00,13,5,9,75063.98,20000.0,9.3,7.3,2.4,2.2,No
1018,5/13/2025 10:00:00,13,5,10,1500000.0,20000.0,8.0,5.2,4.5,3.5,Yes
1019,5/13/2025 11:00:00,13,5,11,1500000.0,20000.0,8.0,5.4,8.0,5.3,Yes
1020,5/13/2025 12:00:00,13,5,12,404464.81,20000.0,12.0,5.7,3.1,2.7,Yes
1021,5/13/2025 13:00:00,13,5,13,858480.25,20000.0,10.9,4.9,3.6,3.3,Yes
1022,5/13/2025 14:00:00,13,5,14,1500000.0,20000.0,5.9,3.6,6.6,3.1,Yes
1023,5/13/2025 15:00:00,13,5,15,1114376.75,20000.0,4.9,3.9,4.6,3.6,Yes
1024,5/13/2025 16:00:00,13,5,16,50251.21,20000.0,5.3,4.2,5.9,4.5,Yes
1025,5/13/2025 17:00:00,13,5,17,1500000.0,20000.0,4.7,3.6,7.8,4.4,Yes
1026,5/13/2025 18:00:00,13,5,18,73413.23,20000.0,4.4,3.7,8.1,6.0,No
1027,5/13/2025 19:00:00,13,5,19,53989.29,20000.0,3.9,3.3,5.1,3.8,No
1028,5/13/2025 20:00:00,13,5,20,1500000.0,20000.0,3.5,3.2,5.8,5.2,No
1029,5/13/2025 21:00:00,13,5,21,1500000.0,20000.0,4.0,3.6,4.7,4.1,No
1030,5/13/2025 22:00:00,13,5,22,1500000.0,20000.0,3.3,3.1,4.2,3.7,No
1031,5/13/2025 23:00:00,13,5,23,1500000.0,20000.0,3.2,2.9,3.6,3.0,No
1032,5/14/2025 0:00:00,14,5,0,73685.24,20000.0,3.2,2.9,3.2,2.9,No
1033,5/14/2025 1:00:00,14,5,1,1423366.87,20000.0,2.9,2.7,3.3,3.0,No
1036,5/14/2025 4:00:00,14,5,4,74785.72,20000.0,2.8,2.6,2.6,2.4,No
1037,5/14/2025 5:00:00,14,5,5,1500000.0,20000.0,5.7,2.2,2.5,2.2,No
1038,5/14/2025 6:00:00,14,5,6,1500000.0,20000.0,3.3,2.3,4.7,2.7,No
1039,5/14/2025 7:00:00,14,5,7,53482.76,20000.0,5.9,3.0,7.5,4.4,No
1040,5/14/2025 8:00:00,14,5,8,57546.64,20000.0,6.2,3.5,10.0,4.2,No
1041,5/14/2025 9:00:00,14,5,9,1500000.0,20000.0,5.1,3.1,8.3,3.7,Yes
1042,5/14/2025 10:00:00,14,5,10,23510.34,20000.0,15.8,4.3,3.1,2.3,Yes
1043,5/14/2025 11:00:00,14,5,11,60060.79,20000.0,6.8,3.5,5.5,2.7,Yes
1044,5/14/2025 12:00:00,14,5,12,51749.23,20000.0,4.2,3.0,4.2,2.5,Yes
1045,5/14/2025 13:00:00,14,5,13,1500000.0,20000.0,4.8,3.2,3.6,2.2,Yes
1046,5/14/2025 14:00:00,14,5,14,49839.88,20000.0,5.2,3.0,3.5,2.6,Yes
1048,5/14/2025 16:00:00,14,5,16,66909.03,20000.0,4.7,2.6,5.0,2.8,Yes
1049,5/14/2025 17:00:00,14,5,17,1500000.0,20000.0,7.6,3.9,4.1,2.3,Yes
1053,5/14/2025 21:00:00,14,5,21,52484.79,20000.0,2.6,2.4,4.0,3.4,No
1054,5/14/2025 22:00:00,14,5,22,55869.06,20000.0,3.1,2.2,4.3,2.7,No
1056,5/15/2025 0:00:00,15,5,0,52423.07,20000.0,2.8,2.3,4.0,3.1,No
1058,5/15/2025 2:00:00,15,5,2,1500000.0,20000.0,2.3,2.1,5.3,3.6,No
1059,5/15/2025 3:00:00,15,5,3,55278.23,20000.0,2.3,2.1,4.2,3.5,No
1060,5/15/2025 4:00:00,15,5,4,1500000.0,20000.0,3.0,2.3,4.8,3.4,No
1062,5/15/2025 6:00:00,15,5,6,1500000.0,20000.0,4.6,4.2,5.5,4.6,No
1063,5/15/2025 7:00:00,15,5,7,61437.07,20000.0,8.0,3.8,8.4,6.5,No
1064,5/15/2025 8:00:00,15,5,8,863625.0,20000.0,12.7,7.6,11.0,7.8,Yes
1065,5/15/2025 9:00:00,15,5,9,1500000.0,20000.0,5.8,4.4,8.8,5.1,Yes
1067,5/15/2025 11:00:00,15,5,11,102505.59,20000.0,5.0,3.1,4.1,3.6,Yes
1068,5/15/2025 12:00:00,15,5,12,30164.18,20000.0,4.8,3.1,4.0,3.6,Yes
1070,5/15/2025 14:00:00,15,5,14,52176.98,20000.0,8.7,3.6,7.3,4.9,Yes
1071,5/15/2025 15:00:00,15,5,15,1500000.0,20000.0,5.5,3.8,5.5,4.2,Yes
1072,5/15/2025 16:00:00,15,5,16,1500000.0,20000.0,4.1,3.1,4.7,3.9,Yes
1078,5/15/2025 22:00:00,15,5,22,50015.74,20000.0,2.6,2.4,3.7,3.4,No
1079,5/15/2025 23:00:00,15,5,23,50310.26,20000.0,2.6,2.4,3.2,2.9,No
1083,5/16/2025 3:00:00,16,5,3,1500000.0,20000.0,2.2,2.0,2.8,2.6,No
1084,5/16/2025 4:00:00,16,5,4,58026.21,20000.0,2.5,2.1,2.8,2.6,No
1085,5/16/2025 5:00:00,16,5,5,47722.22,20000.0,3.0,2.4,3.1,2.5,No
1086,5/16/2025 6:00:00,16,5,6,72337.3,20000.0,2.9,1.7,3.5,2.7,No
1087,5/16/2025 7:00:00,16,5,7,52484.79,20000.0,3.7,2.7,3.5,2.2,No
1088,5/16/2025 8:00:00,16,5,8,1500000.0,20000.0,7.4,4.7,5.0,2.7,No
1089,5/16/2025 9:00:00,16,5,9,319750.56,20000.0,6.4,4.6,5.7,3.8,No
1090,5/16/2025 10:00:00,16,5,10,48740.74,20000.0,12.3,5.3,5.4,4.2,No
1091,5/16/2025 11:00:00,16,5,11,1500000.0,20000.0,18.7,13.8,13.5,11.6,Yes
1092,5/16/2025 12:00:00,16,5,12,1500000.0,20000.0,6.5,3.5,5.2,4.3,Yes
1093,5/16/2025 13:00:00,16,5,13,59633.4,20000.0,4.0,2.1,4.1,3.1,Yes
1094,5/16/2025 14:00:00,16,5,14,52856.7,20000.0,5.1,4.6,4.2,3.7,Yes
1095,5/16/2025 15:00:00,16,5,15,50310.26,20000.0,5.2,3.7,5.2,3.5,Yes
1096,5/16/2025 16:00:00,16,5,16,51264.87,20000.0,5.2,3.5,5.5,3.8,No
1097,5/16/2025 17:00:00,16,5,17,1500000.0,20000.0,3.4,3.1,2.9,2.7,Yes
1099,5/16/2025 19:00:00,16,5,19,98303.72,20000.0,3.1,2.8,2.6,2.4,No
1100,5/16/2025 20:00:00,16,5,20,1500000.0,20000.0,2.6,2.4,3.0,2.6,No
1103,5/16/2025 23:00:00,16,5,23,1500000.0,20000.0,2.3,2.1,2.5,2.3,No
1105,5/17/2025 1:00:00,17,5,1,51385.52,20000.0,2.1,2.0,2.3,2.1,
1106,5/17/2025 2:00:00,17,5,2,1122854.0,20000.0,2.1,2.0,2.2,2.0,
1109,5/17/2025 5:00:00,17,5,5,64842.29,20000.0,1.9,1.8,1.8,1.6,
1110,5/17/2025 6:00:00,17,5,6,55213.02,20000.0,1.9,1.8,2.0,1.8,
1112,5/17/2025 8:00:00,17,5,8,62101.43,20000.0,2.4,2.2,1.6,1.5,
1113,5/17/2025 9:00:00,17,5,9,55017.82,20000.0,2.2,1.8,1.9,1.8,
1114,5/17/2025 10:00:00,17,5,10,1500000.0,20000.0,1.8,1.7,2.0,1.8,
1115,5/17/2025 11:00:00,17,5,11,1500000.0,20000.0,3.3,2.8,2.9,2.2,
1116,5/17/2025 12:00:00,17,5,12,1500000.0,20000.0,3.6,3.3,2.9,2.6,
1117,5/17/2025 13:00:00,17,5,13,1500000.0,20000.0,4.8,2.8,2.7,2.5,
1118,5/17/2025 14:00:00,17,5,14,77723.74,20000.0,3.6,2.8,3.1,2.8,
1120,5/17/2025 16:00:00,17,5,16,53294.12,20000.0,4.9,3.9,6.6,4.3,
1122,5/17/2025 18:00:00,17,5,18,279415.47,20000.0,6.1,4.7,5.7,4.7,
1123,5/17/2025 19:00:00,17,5,19,52176.98,20000.0,4.8,3.9,4.7,4.2,
1125,5/17/2025 21:00:00,17,5,21,50369.38,20000.0,3.5,3.2,4.6,3.7,
1126,5/17/2025 22:00:00,17,5,22,1167166.62,20000.0,3.8,3.4,4.6,4.0,
1127,5/17/2025 23:00:00,17,5,23,107850.24,20000.0,2.9,2.6,3.5,3.2,
1128,5/18/2025 0:00:00,18,5,0,1500000.0,20000.0,2.5,2.3,3.1,2.6,
1129,5/18/2025 1:00:00,18,5,1,48398.81,20000.0,2.4,2.2,2.8,2.6,
1130,5/18/2025 2:00:00,18,5,2,1500000.0,20000.0,2.8,2.1,2.9,2.7,
1132,5/18/2025 4:00:00,18,5,4,51749.23,20000.0,2.2,2.0,2.1,1.9,
1133,5/18/2025 5:00:00,18,5,5,540069.56,20000.0,1.8,1.7,2.1,1.8,
1134,5/18/2025 6:00:00,18,5,6,1500000.0,20000.0,2.0,1.9,2.4,2.2,
1137,5/18/2025 9:00:00,18,5,9,57410.42,20000.0,3.3,3.0,3.4,2.9,
1138,5/18/2025 10:00:00,18,5,10,221458.95,20000.0,3.2,2.9,3.1,2.9,
1139,5/18/2025 11:00:00,18,5,11,56466.75,20000.0,2.8,2.5,3.0,2.7,
1140,5/18/2025 12:00:00,18,5,12,1500000.0,20000.0,2.5,2.2,2.6,2.4,
1141,5/18/2025 13:00:00,18,5,13,73052.43,20000.0,2.1,2.0,2.6,2.4,
1142,5/18/2025 14:00:00,18,5,14,973828.06,20000.0,1.9,1.8,2.2,2.0,
1143,5/18/2025 15:00:00,18,5,15,62175.75,20000.0,1.7,1.6,1.7,1.4,
1144,5/18/2025 16:00:00,18,5,16,59633.4,20000.0,1.5,1.4,1.7,1.6,
1145,5/18/2025 17:00:00,18,5,17,56400.0,20000.0,1.4,1.3,1.6,1.5,
1146,5/18/2025 18:00:00,18,5,18,1500000.0,20000.0,1.5,1.4,1.6,1.5,
1147,5/18/2025 19:00:00,18,5,19,52484.79,20000.0,1.7,1.4,1.4,1.2,
1148,5/18/2025 20:00:00,18,5,20,119600.84,20000.0,1.4,1.3,1.3,1.2,
1149,5/18/2025 21:00:00,18,5,21,1500000.0,20000.0,2.1,1.4,1.4,1.3,
1150,5/18/2025 22:00:00,18,5,22,52918.95,20000.0,1.6,1.5,1.7,1.5,
1151,5/18/2025 23:00:00,18,5,23,1500000.0,20000.0,1.7,1.6,1.7,1.5,
1152,5/19/2025 0:00:00,19,5,0,50428.57,20000.0,1.7,1.6,1.8,1.3,No
1153,5/19/2025 1:00:00,19,5,1,1065986.12,20000.0,3.2,1.5,3.1,1.6,No
1154,5/19/2025 2:00:00,19,5,2,1500000.0,20000.0,1.8,1.5,1.4,1.3,No
1155,5/19/2025 3:00:00,19,5,3,1500000.0,20000.0,1.8,1.5,1.4,1.2,No
1156,5/19/2025 4:00:00,19,5,4,66990.05,20000.0,1.5,1.4,1.7,1.2,No
1157,5/19/2025 5:00:00,19,5,5,1500000.0,20000.0,5.0,3.4,5.2,2.9,No
1158,5/19/2025 6:00:00,19,5,6,71718.52,20000.0,8.7,6.3,7.4,4.9,No
1159,5/19/2025 7:00:00,19,5,7,56266.75,20000.0,7.9,4.3,5.2,3.8,No
1160,5/19/2025 8:00:00,19,5,8,197314.02,20000.0,6.6,4.1,5.1,3.5,Yes
1161,5/19/2025 9:00:00,19,5,9,86669.73,20000.0,6.3,3.8,4.7,3.4,Yes
1162,5/19/2025 10:00:00,19,5,10,1500000.0,20000.0,4.7,3.3,3.5,2.7,Yes
1163,5/19/2025 11:00:00,19,5,11,77529.91,20000.0,5.4,3.8,5.2,3.6,Yes
1164,5/19/2025 12:00:00,19,5,12,1114376.75,20000.0,10.2,7.2,4.8,3.7,Yes
1165,5/19/2025 13:00:00,19,5,13,55082.8,20000.0,7.2,4.8,3.7,3.0,Yes
1166,5/19/2025 14:00:00,19,5,14,56600.52,20000.0,4.5,3.4,4.3,2.9,Yes
1167,5/19/2025 15:00:00,19,5,15,1500000.0,20000.0,3.7,2.6,2.8,2.6,Yes
1168,5/19/2025 16:00:00,19,5,16,51871.07,20000.0,6.6,3.0,5.7,2.6,Yes
1169,5/19/2025 17:00:00,19,5,17,76760.61,20000.0,5.8,3.0,5.8,2.8,Yes
1170,5/19/2025 18:00:00,19,5,18,1500000.0,20000.0,4.7,2.7,5.4,2.7,No
1172,5/19/2025 20:00:00,19,5,20,1500000.0,20000.0,5.3,2.4,3.5,2.4,No
1173,5/19/2025 21:00:00,19,5,21,49723.0,20000.0,3.5,2.5,4.9,2.3,No
1175,5/19/2025 23:00:00,19,5,23,858480.25,20000.0,2.4,2.2,2.7,2.1,No
1176,5/20/2025 0:00:00,20,5,0,1500000.0,20000.0,2.4,2.2,2.6,2.4,No
1177,5/20/2025 1:00:00,20,5,1,60708.34,20000.0,2.9,2.3,2.5,2.1,No
1178,5/20/2025 2:00:00,20,5,2,115545.64,20000.0,2.4,2.2,2.6,2.2,No
1179,5/20/2025 3:00:00,20,5,3,128734.65,20000.0,2.5,2.2,2.4,1.8,No
1180,5/20/2025 4:00:00,20,5,4,1383982.25,20000.0,2.3,2.1,2.0,1.8,No
1181,5/20/2025 5:00:00,20,5,5,79795.88,20000.0,2.4,2.2,3.6,2.5,No
1183,5/20/2025 7:00:00,20,5,7,107850.24,20000.0,8.4,4.1,5.9,3.6,No
1184,5/20/2025 8:00:00,20,5,8,48683.58,20000.0,7.2,4.1,5.4,3.7,No
1185,5/20/2025 9:00:00,20,5,9,581509.81,20000.0,7.4,3.6,6.4,3.3,No
1186,5/20/2025 10:00:00,20,5,10,1500000.0,20000.0,6.4,3.2,5.8,3.4,Yes
1187,5/20/2025 11:00:00,20,5,11,54952.93,20000.0,6.6,3.7,4.5,2.8,Yes
1199,5/20/2025 23:00:00,20,5,23,1500000.0,20000.0,2.5,2.1,2.8,2.6,No
1201,5/21/2025 1:00:00,21,5,1,1500000.0,20000.0,2.3,2.1,2.6,2.4,No
1203,5/21/2025 3:00:00,21,5,3,1500000.0,20000.0,2.2,2.0,2.3,2.1,No
1204,5/21/2025 4:00:00,21,5,4,53356.91,20000.0,2.4,2.2,2.4,2.2,No
1205,5/21/2025 5:00:00,21,5,5,1500000.0,20000.0,7.1,3.8,4.7,3.3,No
1206,5/21/2025 6:00:00,21,5,6,67642.35,20000.0,6.3,4.9,8.0,5.3,No
1207,5/21/2025 7:00:00,21,5,7,1500000.0,20000.0,13.4,9.5,8.6,6.4,No
1208,5/21/2025 8:00:00,21,5,8,1500000.0,20000.0,12.6,7.9,12.0,7.8,No
1209,5/21/2025 9:00:00,21,5,9,68718.41,20000.0,18.1,9.9,17.2,11.5,Yes
1210,5/21/2025 10:00:00,21,5,10,1500000.0,20000.0,11.2,8.0,11.0,8.4,Yes
1211,5/21/2025 11:00:00,21,5,11,73503.77,20000.0,9.4,5.8,7.7,6.0,Yes
1212,5/21/2025 12:00:00,21,5,12,1500000.0,20000.0,8.6,5.7,7.5,6.2,Yes
1213,5/21/2025 13:00:00,21,5,13,1500000.0,20000.0,7.8,5.5,6.6,4.9,Yes
1214,5/21/2025 14:00:00,21,5,14,1500000.0,20000.0,8.0,4.6,6.8,4.9,Yes
1215,5/21/2025 15:00:00,21,5,15,1500000.0,20000.0,7.4,3.3,4.6,3.1,Yes
1216,5/21/2025 16:00:00,21,5,16,205791.8,20000.0,6.4,3.8,4.4,3.3,Yes
1217,5/21/2025 17:00:00,21,5,17,76189.86,20000.0,5.8,3.1,4.6,3.3,Yes
1218,5/21/2025 18:00:00,21,5,18,783414.5,20000.0,4.3,3.1,4.2,2.7,Yes
1219,5/21/2025 19:00:00,21,5,19,48912.62,20000.0,4.9,3.5,4.1,3.2,Yes
1220,5/21/2025 20:00:00,21,5,20,48683.58,20000.0,4.6,3.6,4.1,3.3,No
1221,5/21/2025 21:00:00,21,5,21,1500000.0,20000.0,4.2,3.5,3.9,3.5,No
1222,5/21/2025 22:00:00,21,5,22,1500000.0,20000.0,3.9,3.5,4.3,3.6,No
1223,5/21/2025 23:00:00,21,5,23,140889.8,20000.0,3.9,3.4,4.3,3.4,No
1224,5/22/2025 0:00:00,22,5,0,57957.43,20000.0,3.5,3.2,3.7,3.3,No
1225,5/22/2025 1:00:00,22,5,1,1500000.0,20000.0,4.2,3.7,3.5,2.9,No
1226,5/22/2025 2:00:00,22,5,2,1500000.0,20000.0,4.3,3.5,3.9,3.5,No
1227,5/22/2025 3:00:00,22,5,3,63075.54,20000.0,3.6,3.3,3.8,3.4,No
1228,5/22/2025 4:00:00,22,5,4,56133.85,20000.0,4.6,3.2,3.4,3.1,No
1229,5/22/2025 5:00:00,22,5,5,60204.02,20000.0,21.8,4.5,18.9,6.3,No
1230,5/22/2025 6:00:00,22,5,6,48398.81,20000.0,6.9,4.1,8.1,4.2,No
1231,5/22/2025 7:00:00,22,5,7,94082.74,20000.0,9.3,6.2,9.6,6.1,No
1232,5/22/2025 8:00:00,22,5,8,53043.7,20000.0,8.5,5.7,7.8,6.4,Yes
1233,5/22/2025 9:00:00,22,5,9,128734.65,20000.0,12.3,5.1,7.5,5.5,Yes
1234,5/22/2025 10:00:00,22,5,10,50192.23,20000.0,12.8,7.0,9.1,6.8,Yes
1235,5/22/2025 11:00:00,22,5,11,49898.43,20000.0,6.6,4.8,8.6,5.4,Yes
1236,5/22/2025 12:00:00,22,5,12,77144.07,20000.0,8.8,5.1,10.3,5.8,Yes
1237,5/22/2025 13:00:00,22,5,13,143344.42,20000.0,8.2,3.6,7.6,4.7,Yes
1238,5/22/2025 14:00:00,22,5,14,179050.78,20000.0,7.9,3.1,6.1,3.2,Yes
1239,5/22/2025 15:00:00,22,5,15,42686.63,20000.0,4.5,2.7,4.1,3.4,Yes
1240,5/22/2025 16:00:00,22,5,16,126452.38,20000.0,7.6,2.4,3.4,2.9,Yes
1241,5/22/2025 17:00:00,22,5,17,46889.86,20000.0,5.6,2.2,5.1,2.2,Yes
1242,5/22/2025 18:00:00,22,5,18,1500000.0,20000.0,6.6,4.1,5.3,3.0,Yes
1243,5/22/2025 19:00:00,22,5,19,43089.94,20000.0,3.8,2.8,3.7,3.1,
1244,5/22/2025 20:00:00,22,5,20,1500000.0,20000.0,3.9,2.9,3.5,3.2,No
1245,5/22/2025 21:00:00,22,5,21,1500000.0,20000.0,4.7,2.8,3.3,3.0,No
1246,5/22/2025 22:00:00,22,5,22,1500000.0,20000.0,3.4,2.6,4.2,3.1,No
1248,5/23/2025 0:00:00,23,5,0,1500000.0,20000.0,2.5,2.3,2.9,2.7,No
1249,5/23/2025 1:00:00,23,5,1,980371.88,20000.0,2.8,2.4,2.7,2.5,No
1250,5/23/2025 2:00:00,23,5,2,1500000.0,20000.0,2.3,2.1,2.8,2.6,No
1251,5/23/2025 3:00:00,23,5,3,47055.16,20000.0,2.4,2.2,2.5,2.3,No
1252,5/23/2025 4:00:00,23,5,4,57410.42,20000.0,2.9,2.3,2.6,2.4,No
1253,5/23/2025 5:00:00,23,5,5,45856.32,20000.0,3.8,1.9,2.4,1.7,No
1254,5/23/2025 6:00:00,23,5,6,1500000.0,20000.0,7.7,2.3,5.1,2.4,No
1255,5/23/2025 7:00:00,23,5,7,49374.02,20000.0,5.2,2.4,2.5,2.2,No
1256,5/23/2025 8:00:00,23,5,8,45802.55,20000.0,5.2,3.1,4.8,2.5,No
1257,5/23/2025 9:00:00,23,5,9,104483.92,20000.0,6.6,3.1,5.8,3.3,No
1258,5/23/2025 10:00:00,23,5,10,1500000.0,20000.0,7.1,3.0,5.6,3.7,No
1259,5/23/2025 11:00:00,23,5,11,60780.77,20000.0,5.8,2.6,3.1,2.5,Yes
1260,5/23/2025 12:00:00,23,5,12,65866.2,20000.0,5.2,2.1,3.8,2.3,Yes
1261,5/23/2025 13:00:00,23,5,13,50844.93,20000.0,2.7,1.9,3.0,2.0,Yes
1263,5/23/2025 15:00:00,23,5,15,169288.8,20000.0,2.0,1.5,2.1,1.6,Yes
1265,5/23/2025 17:00:00,23,5,17,73052.43,20000.0,2.0,1.4,1.8,1.5,Yes
1266,5/23/2025 18:00:00,23,5,18,40150.62,20000.0,1.8,1.6,1.8,1.5,Yes
1267,5/23/2025 19:00:00,23,5,19,1500000.0,20000.0,1.9,1.6,1.7,1.6,No
1268,5/23/2025 20:00:00,23,5,20,47165.69,20000.0,1.8,1.5,1.8,1.7,No
1269,5/23/2025 21:00:00,23,5,21,1500000.0,20000.0,1.6,1.5,1.5,1.4,No
1270,5/23/2025 22:00:00,23,5,22,1500000.0,20000.0,1.6,1.5,1.6,1.4,No
1271,5/23/2025 23:00:00,23,5,23,1383982.25,20000.0,1.5,1.4,1.8,1.7,No
1272,5/24/2025 0:00:00,24,5,0,1500000.0,20000.0,1.4,1.3,1.4,1.3,
1281,5/24/2025 9:00:00,24,5,9,1500000.0,20000.0,1.4,1.3,1.6,1.2,
1282,5/24/2025 10:00:00,24,5,10,1500000.0,20000.0,1.3,1.2,1.2,1.1,
1291,5/24/2025 19:00:00,24,5,19,46670.37,20000.0,1.2,1.1,0.9,0.9,
1297,5/25/2025 1:00:00,25,5,1,1500000.0,20000.0,1.1,1.0,0.8,0.8,
1298,5/25/2025 2:00:00,25,5,2,68634.92,20000.0,1.2,1.1,0.8,0.8,
1299,5/25/2025 3:00:00,25,5,3,54180.56,20000.0,1.1,1.0,0.9,0.9,
1300,5/25/2025 4:00:00,25,5,4,48115.72,20000.0,1.0,1.0,0.9,0.8,
1301,5/25/2025 5:00:00,25,5,5,1500000.0,20000.0,1.0,1.0,1.1,1.0,
1302,5/25/2025 6:00:00,25,5,6,48797.97,20000.0,1.0,1.0,0.8,0.8,
1303,5/25/2025 7:00:00,25,5,7,1500000.0,20000.0,1.0,1.0,0.7,0.7,
1304,5/25/2025 8:00:00,25,5,8,49374.02,20000.0,1.0,1.0,0.8,0.8,
1305,5/25/2025 9:00:00,25,5,9,59139.08,20000.0,1.1,1.1,0.9,0.9,
1306,5/25/2025 10:00:00,25,5,10,1500000.0,20000.0,1.0,1.0,1.0,0.9,
1307,5/25/2025 11:00:00,25,5,11,1500000.0,20000.0,1.1,1.1,0.9,0.9,
1308,5/25/2025 12:00:00,25,5,12,51264.87,20000.0,1.3,1.2,1.1,1.0,
1309,5/25/2025 13:00:00,25,5,13,67396.86,20000.0,1.3,1.2,1.1,1.0,
1310,5/25/2025 14:00:00,25,5,14,912700.56,20000.0,1.3,1.2,1.4,1.3,
1311,5/25/2025 15:00:00,25,5,15,48285.37,20000.0,1.1,1.1,1.2,1.1,
1312,5/25/2025 16:00:00,25,5,16,53608.91,20000.0,1.4,1.3,1.2,1.2,
1313,5/25/2025 17:00:00,25,5,17,1500000.0,20000.0,1.4,1.3,1.0,1.0,
1314,5/25/2025 18:00:00,25,5,18,53735.39,20000.0,1.3,1.2,1.4,1.3,
1315,5/25/2025 19:00:00,25,5,19,1500000.0,20000.0,1.3,1.2,1.2,1.1,
1316,5/25/2025 20:00:00,25,5,20,54436.71,20000.0,1.3,1.2,1.4,1.3,
1317,5/25/2025 21:00:00,25,5,21,1500000.0,20000.0,1.5,1.4,1.4,1.3,
1318,5/25/2025 22:00:00,25,5,22,235663.14,20000.0,1.6,1.5,1.6,1.5,
1319,5/25/2025 23:00:00,25,5,23,54565.27,20000.0,1.7,1.4,1.4,1.3,
1320,5/26/2025 0:00:00,26,5,0,1500000.0,20000.0,1.6,1.5,2.1,1.8,No
1321,5/26/2025 1:00:00,26,5,1,1500000.0,20000.0,1.6,1.5,1.4,1.3,No
1322,5/26/2025 2:00:00,26,5,2,49142.77,20000.0,1.6,1.5,1.6,1.5,No
1323,5/26/2025 3:00:00,26,5,3,1500000.0,20000.0,1.5,1.4,1.6,1.5,No
1324,5/26/2025 4:00:00,26,5,4,1500000.0,20000.0,1.6,1.5,1.4,1.3,No
1325,5/26/2025 5:00:00,26,5,5,65549.16,20000.0,4.4,3.7,2.7,2.3,No
1326,5/26/2025 6:00:00,26,5,6,1500000.0,20000.0,2.6,1.8,2.6,1.7,No
1327,5/26/2025 7:00:00,26,5,7,1500000.0,20000.0,3.0,1.3,1.8,1.1,No
1328,5/26/2025 8:00:00,26,5,8,1500000.0,20000.0,2.8,1.4,8.8,1.5,Yes
1329,5/26/2025 9:00:00,26,5,9,111213.22,20000.0,3.6,1.6,1.9,1.4,Yes
1330,5/26/2025 10:00:00,26,5,10,295457.28,20000.0,3.2,1.4,2.5,1.5,Yes
1331,5/26/2025 11:00:00,26,5,11,1500000.0,20000.0,1.7,1.3,1.4,1.0,Yes
1332,5/26/2025 12:00:00,26,5,12,63531.04,20000.0,2.4,1.6,1.3,1.2,Yes
1336,5/26/2025 16:00:00,26,5,16,1500000.0,20000.0,2.0,1.1,0.9,0.5,Yes
1339,5/26/2025 19:00:00,26,5,19,147031.48,20000.0,1.1,1.0,0.9,0.8,No
1340,5/26/2025 20:00:00,26,5,20,1500000.0,20000.0,0.9,0.9,0.7,0.7,No
1343,5/26/2025 23:00:00,26,5,23,55082.8,20000.0,1.0,0.9,0.9,0.9,No
1349,5/27/2025 5:00:00,27,5,5,1500000.0,20000.0,1.1,1.0,49.0,7.2,No
1351,5/27/2025 7:00:00,27,5,7,1500000.0,20000.0,3.6,1.9,1.7,1.4,No
1353,5/27/2025 9:00:00,27,5,9,52608.45,20000.0,5.3,1.3,2.1,1.4,No
1354,5/27/2025 10:00:00,27,5,10,1500000.0,20000.0,1.5,1.1,1.6,1.1,Yes
1355,5/27/2025 11:00:00,27,5,11,49839.88,20000.0,2.1,1.3,1.8,1.1,Yes
1356,5/27/2025 12:00:00,27,5,12,93587.73,20000.0,3.2,1.6,1.5,1.3,Yes
1357,5/27/2025 13:00:00,27,5,13,57478.49,20000.0,2.6,1.3,2.4,1.4,Yes
1358,5/27/2025 14:00:00,27,5,14,69900.07,20000.0,1.4,1.3,1.7,1.4,Yes
1359,5/27/2025 15:00:00,27,5,15,71280.45,20000.0,1.8,1.4,2.0,1.2,Yes
1360,5/27/2025 16:00:00,27,5,16,50310.26,20000.0,1.4,1.3,1.4,1.3,Yes
1361,5/27/2025 17:00:00,27,5,17,50844.93,20000.0,1.4,1.3,1.3,1.2,Yes
1362,5/27/2025 18:00:00,27,5,18,197314.02,20000.0,1.4,1.3,1.3,1.2,No
1363,5/27/2025 19:00:00,27,5,19,571803.06,20000.0,1.4,1.3,1.3,1.2,No
1364,5/27/2025 20:00:00,27,5,20,1500000.0,20000.0,1.4,1.3,1.6,1.2,No
1365,5/27/2025 21:00:00,27,5,21,52176.98,20000.0,1.4,1.3,1.9,1.3,No
1366,5/27/2025 22:00:00,27,5,22,1500000.0,20000.0,1.3,1.2,1.4,1.3,No
1367,5/27/2025 23:00:00,27,5,23,1500000.0,20000.0,1.4,1.3,1.5,1.4,No
1368,5/28/2025 0:00:00,28,5,0,271628.22,20000.0,1.4,1.3,1.6,1.5,No
1369,5/28/2025 1:00:00,28,5,1,1500000.0,20000.0,1.3,1.2,1.3,1.2,No
1370,5/28/2025 2:00:00,28,5,2,1500000.0,20000.0,1.4,1.2,1.4,1.3,No
1371,5/28/2025 3:00:00,28,5,3,63226.96,20000.0,1.3,1.2,1.2,1.1,No
1372,5/28/2025 4:00:00,28,5,4,61805.16,20000.0,1.3,1.2,1.3,1.1,No
1373,5/28/2025 5:00:00,28,5,5,1500000.0,20000.0,2.9,1.6,2.5,2.3,No
1374,5/28/2025 6:00:00,28,5,6,60998.65,20000.0,4.9,2.1,3.6,2.0,No
1375,5/28/2025 7:00:00,28,5,7,551022.38,20000.0,6.1,2.1,4.5,2.4,No
1376,5/28/2025 8:00:00,28,5,8,1500000.0,20000.0,2.7,2.1,4.2,2.6,No
1377,5/28/2025 9:00:00,28,5,9,106809.98,20000.0,7.3,2.4,5.4,2.7,Yes
1381,5/28/2025 13:00:00,28,5,13,63151.2,20000.0,3.8,2.4,2.9,2.0,Yes
1382,5/28/2025 14:00:00,28,5,14,1500000.0,20000.0,2.9,2.0,2.7,2.1,Yes
1383,5/28/2025 15:00:00,28,5,15,59491.7,20000.0,3.2,2.0,3.4,2.8,Yes
1384,5/28/2025 16:00:00,28,5,16,1500000.0,20000.0,4.3,2.2,2.3,2.1,Yes
1385,5/28/2025 17:00:00,28,5,17,53608.91,20000.0,2.3,2.0,3.0,2.7,Yes
1386,5/28/2025 18:00:00,28,5,18,152589.05,20000.0,3.1,2.4,2.9,2.1,Yes
1387,5/28/2025 19:00:00,28,5,19,1500000.0,20000.0,1.9,1.8,2.3,2.1,Yes
1388,5/28/2025 20:00:00,28,5,20,1500000.0,20000.0,2.1,2.0,2.4,2.0,No
1389,5/28/2025 21:00:00,28,5,21,906988.06,20000.0,2.0,1.9,2.1,2.0,No
1390,5/28/2025 22:00:00,28,5,22,56400.0,20000.0,2.4,2.0,2.5,2.3,No
1391,5/28/2025 23:00:00,28,5,23,180333.33,20000.0,2.0,1.8,2.0,1.9,No
1392,5/29/2025 0:00:00,29,5,0,50785.23,20000.0,1.9,1.8,2.2,1.9,No
1395,5/29/2025 3:00:00,29,5,3,53862.17,20000.0,1.9,1.7,2.1,1.9,No
1396,5/29/2025 4:00:00,29,5,4,69306.24,20000.0,2.0,1.7,2.2,2.0,No
1397,5/29/2025 5:00:00,29,5,5,63760.19,20000.0,4.7,3.4,5.1,3.3,No
1398,5/29/2025 6:00:00,29,5,6,1500000.0,20000.0,7.2,4.7,6.9,5.0,No
1399,5/29/2025 7:00:00,29,5,7,1500000.0,20000.0,16.7,7.0,12.5,7.0,No
1400,5/29/2025 8:00:00,29,5,8,1256008.0,20000.0,19.9,14.9,18.5,13.0,Yes
1401,5/29/2025 9:00:00,29,5,9,1500000.0,20000.0,28.1,16.7,20.7,13.0,Yes
1402,5/29/2025 10:00:00,29,5,10,88134.91,20000.0,13.5,8.7,10.7,8.0,Yes
1403,5/29/2025 11:00:00,29,5,11,53168.75,20000.0,9.1,4.4,8.0,4.9,Yes
1404,5/29/2025 12:00:00,29,5,12,1500000.0,20000.0,20.3,7.0,20.8,7.5,Yes
1405,5/29/2025 13:00:00,29,5,13,96354.21,20000.0,12.5,5.1,13.1,6.3,Yes
1406,5/29/2025 14:00:00,29,5,14,70672.54,20000.0,7.3,4.4,8.7,5.1,Yes
1407,5/29/2025 15:00:00,29,5,15,993714.25,20000.0,5.5,3.9,7.4,4.7,Yes
1408,5/29/2025 16:00:00,29,5,16,1500000.0,20000.0,5.4,4.0,5.2,3.8,Yes
1409,5/29/2025 17:00:00,29,5,17,53294.12,20000.0,5.5,3.8,5.6,3.9,Yes
1410,5/29/2025 18:00:00,29,5,18,86447.13,20000.0,4.2,3.4,4.5,3.6,Yes
1411,5/29/2025 19:00:00,29,5,19,49374.02,20000.0,4.0,3.6,3.9,3.5,No
1412,5/29/2025 20:00:00,29,5,20,1500000.0,20000.0,4.2,3.7,4.1,3.4,No
1413,5/29/2025 21:00:00,29,5,21,54888.11,20000.0,4.2,3.4,3.4,3.1,No
1414,5/29/2025 22:00:00,29,5,22,973828.06,20000.0,3.1,2.7,3.0,2.7,No
1415,5/29/2025 23:00:00,29,5,23,48342.06,20000.0,3.7,2.9,2.9,2.7,No
1416,5/30/2025 0:00:00,30,5,0,54565.27,20000.0,2.5,2.3,3.1,2.7,No
1417,5/30/2025 1:00:00,30,5,1,54052.96,20000.0,2.6,2.4,3.1,2.6,No
1418,5/30/2025 2:00:00,30,5,2,48912.62,20000.0,2.3,2.1,2.5,2.2,No
1419,5/30/2025 3:00:00,30,5,3,71982.92,20000.0,2.1,1.9,2.1,1.9,No
1420,5/30/2025 4:00:00,30,5,4,1500000.0,20000.0,2.7,2.1,2.1,1.9,No
1421,5/30/2025 5:00:00,30,5,5,329220.66,20000.0,1.8,1.7,2.0,1.7,No
1422,5/30/2025 6:00:00,30,5,6,75624.33,20000.0,6.1,2.0,6.5,2.8,No
1423,5/30/2025 7:00:00,30,5,7,787739.56,20000.0,7.4,3.4,4.5,3.8,No
1424,5/30/2025 8:00:00,30,5,8,471673.13,20000.0,7.5,5.8,5.5,5.0,No
1425,5/30/2025 9:00:00,30,5,9,120646.45,20000.0,6.2,5.0,8.6,6.5,No
1426,5/30/2025 10:00:00,30,5,10,1500000.0,20000.0,5.6,5.1,6.3,5.7,No
1427,5/30/2025 11:00:00,30,5,11,137642.86,20000.0,4.7,3.4,5.0,4.5,Yes
1428,5/30/2025 12:00:00,30,5,12,185950.58,20000.0,4.6,3.2,4.4,4.0,Yes
1429,5/30/2025 13:00:00,30,5,13,1500000.0,20000.0,3.5,3.2,4.3,3.8,Yes
1430,5/30/2025 14:00:00,30,5,14,1185846.25,20000.0,4.9,3.1,4.4,4.0,Yes
1431,5/30/2025 15:00:00,30,5,15,1500000.0,20000.0,3.8,2.9,4.0,3.6,Yes
1432,5/30/2025 16:00:00,30,5,16,1500000.0,20000.0,3.1,2.8,4.0,3.7,No
1433,5/30/2025 17:00:00,30,5,17,67233.78,20000.0,2.7,2.5,3.7,3.4,Yes
1434,5/30/2025 18:00:00,30,5,18,61363.77,20000.0,3.2,2.5,3.6,3.1,Yes
1435,5/30/2025 19:00:00,30,5,19,53482.76,20000.0,2.5,2.3,3.6,3.3,No
1436,5/30/2025 20:00:00,30,5,20,50904.71,20000.0,2.4,2.2,3.2,2.9,No
1437,5/30/2025 21:00:00,30,5,21,1500000.0,20000.0,2.4,2.2,3.1,2.8,No
1438,5/30/2025 22:00:00,30,5,22,66828.13,20000.0,2.3,2.1,3.1,2.8,No
1439,5/30/2025 23:00:00,30,5,23,1500000.0,20000.0,2.5,2.2,2.8,2.5,No
1440,5/31/2025 0:00:00,31,5,0,298409.47,20000.0,2.3,2.1,2.7,2.5,
1441,5/31/2025 1:00:00,31,5,1,54116.72,20000.0,2.3,1.8,2.5,2.3,
1442,5/31/2025 2:00:00,31,5,2,62849.21,20000.0,2.1,1.8,2.3,2.1,
1443,5/31/2025 3:00:00,31,5,3,255396.23,20000.0,1.8,1.7,2.4,2.2,
1444,5/31/2025 4:00:00,31,5,4,324856.16,20000.0,1.9,1.8,2.6,2.4,
1445,5/31/2025 5:00:00,31,5,5,59917.94,20000.0,1.7,1.6,2.2,2.0,
1446,5/31/2025 6:00:00,31,5,6,73413.23,20000.0,2.1,1.7,1.9,1.8,
1447,5/31/2025 7:00:00,31,5,7,51871.07,20000.0,3.0,1.7,2.4,1.8,
1448,5/31/2025 8:00:00,31,5,8,1500000.0,20000.0,10.6,2.7,6.3,3.0,
1449,5/31/2025 9:00:00,31,5,9,209842.95,20000.0,3.8,1.9,4.3,2.4,
1450,5/31/2025 10:00:00,31,5,10,1500000.0,20000.0,3.5,1.6,3.4,2.1,
1451,5/31/2025 11:00:00,31,5,11,579054.69,20000.0,6.4,2.0,4.1,2.5,
1452,5/31/2025 12:00:00,31,5,12,53168.75,20000.0,2.7,1.7,2.3,2.1,
1453,5/31/2025 13:00:00,31,5,13,186629.73,20000.0,3.3,1.8,2.5,1.8,
1454,5/31/2025 14:00:00,31,5,14,283453.62,20000.0,1.7,1.6,2.8,2.2,
1455,5/31/2025 15:00:00,31,5,15,1500000.0,20000.0,1.8,1.5,1.8,1.7,
1456,5/31/2025 16:00:00,31,5,16,57410.42,20000.0,2.5,1.5,1.8,1.7,
1457,5/31/2025 17:00:00,31,5,17,166408.8,20000.0,1.6,1.4,1.9,1.7,
1458,5/31/2025 18:00:00,31,5,18,1500000.0,20000.0,1.5,1.4,2.0,1.8,
1459,5/31/2025 19:00:00,31,5,19,298409.47,20000.0,1.5,1.4,1.8,1.7,
1460,5/31/2025 20:00:00,31,5,20,49316.1,20000.0,1.5,1.4,1.7,1.6,
1461,5/31/2025 21:00:00,31,5,21,1500000.0,20000.0,1.5,1.4,1.5,1.4,
1462,5/31/2025 22:00:00,31,5,22,75530.58,20000.0,1.5,1.4,1.5,1.4,
1463,5/31/2025 23:00:00,31,5,23,267254.87,20000.0,1.4,1.3,1.5,1.4,
